regis_date,contract_no,contractor,garanty_type,cost_budget,project_name,status,garanty_end,owner
20/4/2561,CNTR-0970/61,ห้างหุ้นส่วนจำกัด ศิริศรพาณิชย์ 2011,หนังสือค้ำประกันเลขที่ 100017518555 / 2 ปี ,"26,000.00",ก่อสร้างถนน คสล. หนา 0.15 เมตร ผิวจราจรกว้างไม่น้อยกว่า 6.00 เมตร ความยาวประมาณไม่น้อยกว่า 191 เมตร,ยังไม่คืน,5/6/2563,สำนักการช่าง
11/5/2561,CNTR-968/61,ห้างหุ้นส่วนจำกัด ศิริศรพาณิชย์ 2011,หนังสือค้ำประกันเลขที่ 100017518679 / 2 ปี ,"35,650.00",จ้างก่อสร้างโครงการขยายผิวจราจร คสล.ถนนเลียบคลองรังสิต-ประยูรศักดิ์ ช่วงโค้งผู้ใหญ่ลีถึงท่าเรือจ้างตลาดใน,ยังไม่คืน,2 ปี นับถัดจากวันที่ส่งมอบงานงวดสุดท้าย,สำนักการช่าง
11/6/2561,CNTR-1268/61,ห้างหุ้นส่วนจำกัด เกรียงไกร เทคนิค,เงินสด  / 3 เดือน ,"9,095.00",จ้างซ่อมแซมตู้บรรทุกขยะ,ยังไม่คืน,3 เดือน นับถัดจากวันที่ส่งมอบงานงวดสุดท้าย,สำนักการช่าง
13/6/2561,CNTR-1163/61,ห้างหุ้นส่วนจำกัด ศรีอยุธยาการโยธา,หนังสือค้ำประกันเลขที่ ค.47690234806000 / 2 ปี ,"282,000.00",โครงการก่อสร้างถนน คสล. พร้อมวางท่อระบายน้ำ หมู่บ้านธารารินทร์ ซอย 2 (ช่วงที่ 1),ยังไม่คืน,2 ปี นับถัดจากวันที่ส่งมอบงานงวดสุดท้าย,สำนักการช่าง
1/8/2561,CNTR-1611/61,บริษัท นิมิต 317 จำกัด,หนังสือค้ำประกันเลขที่ 100019403364 / 2 ปี ,"187,500.00",โครงการก่อสร้างรั้วโรงเก็บพัสดุเทศบาลนครรังสิต ซอยรังสิต-นครนายก 56,ยังไม่คืน,1/2/2564,สำนักการช่าง
20/8/2561,CNTR-1750/61,ห้างหุ้นส่วนจำกัด เกรียงไกร เทคนิค,เงินสด  / 3 เดือน ,"6,926.00","จ้างซ่อม จำนวน 3 รายการ (ตู้บรรทุกขยะ เบอร์ 16,เครื่องเติมอากาศ, เครื่องย่อยกิ่งไม้)",ยังไม่คืน,4/12/2561,สำนักการช่าง
23/8/2561,CNTR-1783/61,บริษัท ธนกรเมตัลเวอร์คโปรดิวเซอร์ จำกัด,เงินสด  / 2 ปี ,"25,000.00",จ้างเหมาปรับปรุงเมรุเผาศพ บริเวณวัดแสงสรรค์ ,ยังไม่คืน,22/11/2563,สำนักการช่าง
3/9/2561,CNTR-1853/61,บริษัท เอสทีพี อินตริเกต จำกัด,หนังสือค้ำประกันเลขที่ 100019911297 / 1 ปี ,"3,000.00",ซื้อเครื่องจ่ายกระแสไฟฟ้าชุดประชุม,ยังไม่คืน,4/9/2562,สำนักการช่าง
10/9/2561,CNTR-1901/61,ห้างหุ้นส่วนจำกัด ผดุง เอ็นจิเนียริ่ง แอนด์ คอนสตรัดชั่น,เงินสด  / 1 ปี ,"6,400.00",จ้างปรับปรุงพื้นคอนกรีตพร้อมวางท่อระบายน้ำและบ่อพัก บริเวณลานแอโรบิคหน้าศูนย์การเรียนรู้ฯ,ยังไม่คืน,13/10/2562,สำนักการช่าง
12/9/2561,CNTR-1915/61,บริษัท เซิท คอนแทรคเตอร์ จำกัด,เงินสด  / 1 ปี ,"24,900.00",โครงการติดตั้งป้ายชื่อซอยตามอัตลักษณ์เมือง,ยังไม่คืน,11/11/2562,สำนักการช่าง
14/9/2561,CNTR-1949/61,บริษัท กรีนเวิร์ค แอสโซซิเอท จำกัด,เงินสด  / 1 ปี ,"24,200.00",จ้างปรับปรุงถนนแอสฟัลท์ติกคอนกรีต สะพาน ไหล่ทาง ภายในเขตเทศบาล ,ยังไม่คืน,16/10/2562,สำนักการช่าง
18/9/2561,CNTR-1988/61,ห้างหุ้นส่วนจำกัด ผดุง เอ็นจิเนียริ่ง แอนด์ คอนสตรัดชั่น,เงินสด  / 1 ปี ,"24,750.00",จ้างปรับปรุงไหล่ทาง ซอยรังสิต-นครนายก ๕๖,ยังไม่คืน,16/10/2562,สำนักการช่าง
19/9/2561,CNTR-1987/61,ห้างหุ้นส่วนจำกัด เอ็น.เค.สถาปัตย์,หนังสือค้ำประกันเลขที่ 100020076946 / 2 ปี ,"1,677,500.00",จ้างก่อสร้างอาคารเรียนโรงเรียนนครรังสิต รัตนโกสินทร์ ,ยังไม่คืน,29/10/2564,สำนักการช่าง
21/9/2561,CNTR-2025/61,บริษัท กรีนเวิร์ค แอสโซซิเอท จำกัด,เงินสด  / 2 ปี ,"24,000.00",จ้างเหมาปรับปรุงถนนแอสฟัลท์ติกคอนกรีตภายในเขตเทศบาล ,ยังไม่คืน,23/10/2563,สำนักการช่าง
25/9/2561,CNTR-2040/61,บริษัท เทสโก้ จำกัด,หนังสือค้ำประกันเลขที่ 0435000195 QCMPG174966 / 1 ปี 4 เดือน 21 วัน ,"744,500.00",โครงการว่าจ้างที่ปรึกษาวางและปรับปรุงผังเมืองรวมเมืองท่าโขลง-รังสิต (ปรับปรุงครั้งที่ 2),ยังไม่คืน,1 ปี 4 เดือน 21 วัน นับถัดจากวันที่ส่งมอบงานงวดสุดท้าย,สำนักการช่าง
26/9/2561,CNTR-2045/61,ห้างหุ้นส่วนจำกัด ผดุง เอ็นจิเนียริ่ง แอนด์ คอนสตรัคชั่น,เงินสด  / 2 ปี ,"19,900.00",จ้างเหมาค่าแรงก่อสร้างหลังคาโรงเก็บพัสดุ ซอยรังสิต-นครนายก ๕๖ หลังวัดจันทร์สุข),ยังไม่คืน,27/9/2563,สำนักการช่าง
27/9/2561,CNTR-2048/61,ห้างหุ้นส่วนจำกัด ผดุง เอ็นจิเนียริ่ง แอนด์ คอนสตรัคชั่น,เงินสด  / 2 ปี ,"8,900.00",จ้างเหมาปรับปรุงพื้นที่ติดตั้งตู้คอนเทรนเนอร์สวนสาธารณะ ซอยรังสิต-ปทุมธานี ๑๔ ซอย ๑๖,ยังไม่คืน,27/10/2563,สำนักการช่าง
13/9/2562,CNTR-1732/61,ห้างหุ้นส่วนจำกัด ศรีอยุธยาการโยธา,หนังสือค้ำประกันเลขที่ 100019649967 / 2 ปี ,"124,500.00",โครงการก่อสร้างถนน คสล. พร้อมวางท่อระบายน้ำ คสล. ซอยรังสิต-ปทุมธานี 14 ระหว่างซอย 4 ถึงซอย 5 (ทางหนีไฟ),ยังไม่คืน,2 ปี นับถัดจากวันที่ส่งมอบงานงวดสุดท้าย,สำนักการช่าง
14/1/2562,CNTR-394/62,บริษัท วรัญญาภรณ์ คอนสตรัคชั่น จำกัด,หนังสือค้ำประกันเลขที่ 0034-0010/2561 / 2 ปี ,"134,000.00",โครงการก่อสร้างถนน คสล.พร้อมวางท่อระบายน้ำ คสล.ถนนซอย พหลโยธิน 111 ชุมชนกรุงเทพเมืองใหม่,ยังไม่คืน,2 ปี นับถัดจากวันที่ส่งมอบงานงวดสุดท้าย,สำนักการช่าง
18/4/2562,CNTR-838/62,ห้างหุ้นส่วนจำกัด ศรีอยุธยาการโยธา,หนังสือค้ำประกันเลขที่ ค.47690265185000 / 2 ปี ,"239,000.00",โครงการปรับปรุงถนนซอยรังสิต-นครนายก 54,ยังไม่คืน,2/7/2564,สำนักการช่าง
3/5/2562,CNTR-921/62,บริษัท เซิท คอนแทรคเตอร์ จำกัด,เงินสด  / 1 ปี ,"23,985.00",โครงการติดตั้งป้ายชื่อซอยตามอัตลักษณ์เมือง,ยังไม่คืน,3/7/2563,สำนักการช่าง
25/7/2562,CNTR-1533/62,ห้างหุ้นส่วนจำกัด นพเลิศ,เงินสด  / 30 วัน ,"15,301.00",เครื่องตีอากาศบนผิวน้ำ พร้อมติดตั้ง,ยังไม่คืน,24/8/2563,สำนักการช่างงานกำจัดขยะมูลฝอยและสิ่งปฏิกูล
19/8/2562,CNTR-1681/62,บริษัท ฟูโซ่ ทรัค (ประเทศไทย) จำกัด,เงินสด  / 1 ปี ,"84,450.00",ซื้อรถบรรทุกหกล้อ,ยังไม่คืน,26/10/2563,งานไฟฟ้าถนน
23/8/2562,CNTR-1702/62,ห้างหุ้นส่วนจำกัด เกรียงไกร เทคนิค,เงินสด  / 1 ปี ,"10,280.00",จ้างซ่อมรถบรรทุกขยะอัดท้าย ทะเบียน 82-4562,ยังไม่คืน,10/12/2562,สำนักการช่าง
4/9/2562,CNTR-1742/62,ห้างหุ้นส่วนจำกัด ผดุง เอ็นจิเนียริ่ง แอนด์ คอนสตรัคชั่น,เงินสด  / 1 ปี ,"12,015.00",โครงการปรับปรุงประตูระบายน้ำบริเวณหน้าประตูน้ำจุฬา,ยังไม่คืน,1 ปี นับถัดจากวันที่ส่งมอบงานงวดสุดท้าย,สำนักการช่าง
5/9/2562,CNTR-1751/62,ห้างหุ้นส่วนจำกัด ผดุง เอ็นจิเนียริ่ง แอนด์ คอนสตรัคชั่น,เงินสด  / 1 ปี ,"11,400.00",จ้างเหมาลอกลำรางสาธารณะ ช่วงที่ 1 บริเวณหลังหมู่บ้านคาซ่าวิลล์ ถึง หมู่บ้านนฐดา ช่วงที่ 2 หลังหมู่บ้านพฤกษาวิลล์ 106 ถึง หมู่บ้านชมฟ้าวรางกูล,ยังไม่คืน,26/10/2562,สำนักการช่าง
12/9/2562,CNTR-1680/62,บริษัท บราโว คิดส์ จำกัด,เงินสด  / 1 ปี ,"24,500.00",ซื้อเครื่องเล่นสนามกลางแจ้ง พร้อมติดตั้ง,ยังไม่คืน,26/9/2563,สำนักการช่าง
13/9/2562,CNTR-1817/62,บริษัท กรีนเวิร์ค แอสโซซิเอท จำกัด,หนังสือค้ำประกันเลขที่ 233819000126 / 1 ปี ,"24,600.00",จ้างเหมาซ่อมแซมถนนลาดยางแอสฟัสท์ติกคอนกรีต ที่ชำรุดภายในเขตเทศบาลนครรังสิต,ยังไม่คืน,2/10/2563,สำนักการช่าง
13/9/2562,CNTR-1818/62,บริษัท กรีนเวิร์ค แอสโซซิเอท จำกัด,เงินสด  / 1 ปี ,"24,750.00",จ้างเหมาซ่อมแซมถนนแอสฟัลติกคอนกรีต ในความรับผิดชอบของเทศมบาลนครรังสิต,ยังไม่คืน,2/10/2563,สำนักการช่าง
13/9/2562,CNTR-1827/62,ห้างหุ้นส่วนจำกัด เกรียงไกร เทคนิค,เงินสด  / 1 ปี ,"9,220.00",จ้างซ่อมรถเกษตรอีแต๋น ทะเบียน 026 50 000,ยังไม่คืน,27/12/2562,สำนักการช่าง
17/9/2562,CNTR-1840/62,ห้างหุ้นส่วนจำกัด เกรียงไกร เทคนิค,หนังสือค้ำประกันเลขที่ ค.00019/200209/0045/62 / 1 ปี ,"5,900.00",จ้างซ่อมรถบรรทุกซานต่ำ ทะเบียน 82-3255,ยังไม่คืน,24/12/2562,งานไฟฟ้าถนน
18/9/2562,CNTR-1844/62,บริษัท เรเซอร์การไฟฟ้า (ประเทศไทย) จำกัด,เงินสด  / 3 เดือน ,"24,075.00",ซื้อโคมไฟถนน LED,ยังไม่คืน,2/10/2563,งานไฟฟ้าถนน
18/9/2562,CNTR-1845/62,บริษัท ส.สิงห์อยู่ สปอร์ต จำกัด,หนังสือค้ำประกันเลขที่ 0105-0005/2562 / 2 ปี ,"24,940.00",ซื้อเครื่องออกกำลังกายกลางแจ้งสแตนเลสพร้อมติดตั้ง,ยังไม่คืน,1 ปี นับถัดจากวันที่ส่งมอบงานงวดสุดท้าย,งานไฟฟ้าถนน
19/9/2562,CNTR-1859/62,ห้างหุ้นส่วนจำกัด ผดุง เอ็นจิเนียริ่ง แอนด์ คอนสตรัคชั่น,เงินสด  / 1 ปี ,"24,235.00",จ้างเหมาซ่อมแซมถนนคอนกรีตเสริมเหล็ก (ซ.รังสิต-นครนายก 46 และ ซ.รังสิต-นครนายก 2),ยังไม่คืน,19/1/2563,งานไฟฟ้าถนน
25/9/2562,CNTR-1889/62,บริษัท เจ ซอฟท์ จำกัด,เงินสด  / 3 เดือน ,"4,641.00",ซื้อเครื่องเสียง,ยังไม่คืน,26/11/2563,งานไฟฟ้าถนน
27/9/2562,CNTR-1892/62,บริษัท ธนกุลดีไซน์ แอนด์ เดคคอร์ จำกัด,เช็คเลขที่ 00512289 / 1 ปี ,"24,300.00",โครงการติดตั้งไฟฟ้าส่องสว่างบริเวณทางแยกสาธารณะถนนภายในเขตเทศบาล,ยังไม่คืน,18/2/2564,งานไฟฟ้าถนน
1/10/2562,CNTR-9/63,ห้างหุ้นส่วนจำกัด ผดุง เอ็นจิเนียริ่ง แอนด์ คอนสตรัดชั่น,เงินสด  / 1 ปี ,"135,000.00",การจ้างเหมาดูแลบำรุงรักษาต้นไม้และสวนหย่อมภายในเขตเทศบาล,ยังไม่คืน,1 ปี นับถัดจากวันที่ส่งมอบงานงวดสุดท้าย,งานสวนสาธารณะสำนักการช่าง
5/11/2562,CNTR-106/63,ห้างหุ้นส่วนจำกัด ผดุง เอ็นจิเนียริ่ง แอนด์ คอนสตรัคชั่น,เงินสด  / 1 ปี ,"19,350.00",โครงการปรับปรุงห้องชมรมผู้สูงอายุ ซอยรังสิต-ปทุมธานี 14 ซอย 11,ยังไม่คืน,7/1/2564,สำนักการช่าง
12/12/2562,CNTR-264/63,บริษัท สุทธิพงษ์ ไลท์ติ้ง จำกัด,เงินสด  / 1 ปี ,"34,000.00",ซื้อโคมไฟฟ้าถนนครุภัณฑ์ไฟฟ้าและวิทยุ,ยังไม่คืน,6/2/2564,งานไฟฟ้าถนน
8/1/2563,CNTR-407/63,ห้างหุ้นส่วนจำกัด ปทุมธานีวัสดุภัณฑ์,เงินสด  / 1 ปี ,"3,125.00",ซื้อเก้าอี้โครงเหล็กบุนวม,ยังไม่คืน,6/2/2564,สำนักการช่าง
14/1/2563,CNTR-292/63,บริษัท วรัญญาภรณ์ คอนสตรัคชั่น จำกัด,หนังสือค้ำประกันเลขที่ 0102-0006/2562 / 2 ปี ,"44,200.00",โครงการก่อสร้างถนน คสล. ซอยรังสิต-นครนายก 26 (ช่วงท้ายซอย) (ข้างโลตัส),ยังไม่คืน,15/4/2565,สำนักการช่าง
14/1/2563,CNTR-293/63,บริษัท วรัญญาภรณ์ คอนสตรัคชั่น จำกัด,หนังสือค้ำประกันเลขที่ 0102-0007/2562 / 2 ปี ,"70,000.00",โครงการก่อสร้างถนน คสล. พร้อมวางท่อระบายน้ำ คสล. ซอยรังสิต-นครนายก 10 (ยกระดับผิวจราจรเดิม),ยังไม่คืน,2 ปี นับถัดจากวันที่ส่งมอบงานงวดสุดท้าย,สำนักการช่าง
14/1/2563,CNTR-294/63,บริษัท วรัญญาภรณ์ คอนสตรัคชั่น จำกัด,หนังสือค้ำประกันเลขที่ 0102-0008/2562 / 2 ปี ,"49,000.00",โครงการก่อสร้างถนน คสล. พร้อมวางท่อระบายน้ำ คสล. ซอยรังสิต-ปทุมธานี 8 (หมู่บ้านแก้วกาญจน์ ซอย 3),ยังไม่คืน,18/4/2565,สำนักการช่าง
14/1/2563,CNTR-318/63,บริษัท วรัญญาภรณ์ คอนสตรัคชั่น จำกัด,หนังสือค้ำประกันเลขที่ 0102-0009/2562 / 2 ปี ,"45,400.00",โครงการก่อสร้างถนน คสล. พร้อมวางท่อระบายน้ำ คสล. ซอยรังสิต-นครนายก 13 ซอย 13/1,ยังไม่คืน,4/4/2565,สำนักการช่าง
16/1/2563,CNTR-446/63,บริษัท บราโว คิดส์ จำกัด,หนังสือค้ำประกันเลขที่ 233820000011 / 2 ปี ,"14,635.00",จ้างเหมาโครงการปูพื้นยางพาราบริเวณเครื่องเล่นปากซอยรังสิต-นครนายก 4,ยังไม่คืน,7/2/2565,สำนักการช่าง
17/1/2563,CNTR-452/63,บริษัท เซิท คอนแทรคเตอร์ จำกัด,หนังสือค้ำประกันเลขที่ 100029703420 / 2 ปี ,"23,485.00",จ้างเหมาโครงการติดตั้งป้ายชื่อซอยตามอัตลักษณ์เมือง        จำนวน 15 ป้าย,ยังไม่คืน,14/3/2565,สำนักการช่าง
20/1/2563,CNTR-462/63,บริษัท แพลนนิ่ง แอนด์ รีเสิร์ช คอนซัลแทนต์ จำกัด,หนังสือค้ำประกันเลขที่ ๐๐๐๑๙/๒๐๐๐๓๙/๐๐๐๓/๖๓ / 4 เดือน ,"36,000.00",ออกแบบสะพาน คสล.ข้าม,ยังไม่คืน,4 เดือน นับถัดจากวันที่ส่งมอบงานงวดสุดท้าย,สำนักการช่าง
22/1/2563,CNTR-479/63,บริษัท พกฤษ จำกัด,เงินสด  / 2 ปี ,"7,400.00",โครงการติดตั้งสวนแบบแนวตั้งบริเวณศาลาพักผู้โดยสารบริเวณหมู่บ้านมัณฑนา 2,ยังไม่คืน,25/2/2565,สำนักการช่าง
22/1/2563,CNTR-480/63,บริษัท พกฤษ จำกัด,เงินสด  / 2 ปี ,"5,000.00",โครงการติดตั้งสวนแบบแนวตั้งบริเวณด้านข้างกำแพงทางออกสำนักงานเทศบาลนครรังสิต,ยังไม่คืน,6/3/2565,สำนักการช่าง
28/1/2563,CNTR-504/63,ห้างหุ้นส่วนจำกัด มัลติ ซัพพลาย อีควิปเมนท์ 1998,เงินสด  / 1 ปี ,"1,750.00",ซื้อโพเดียมไม้,ยังไม่คืน,28/2/2564,สำนักการช่าง
28/1/2563,CNTR-505/63,ห้างหุ้นส่วนจำกัด ผดุง เอ็นจิเนียริ่ง แอนด์ คอนสตรัคชั่น,เงินสด  / 1 ปี ,"5,575.00",จ้างเหมาซ่อมแซมขอบฟุตบาททางเท้า บริเวณศาลเจ้าไต่ฮงกง,ยังไม่คืน,20/2/2564,สำนักการช่าง
31/1/2563,CNTR-515/63,ห้างหุ้นส่วนจำกัด ภักดีพรรณ์ คอนสตรัคชั่น,เงินสด  / 2 ปี ,"57,750.00",โครงการก่อสร้างถนน คสล. ซอยรังสิต-นครนายก 26 ซอย 4 (ด้านท้ายซอย) (ซอยป้าแฟง),ยังไม่คืน,9/5/2565,สำนักการช่าง
4/2/2563,CNTR-527/63,บริษัท พกฤษ จำกัด,เงินสด  / 2 ปี ,"24,700.00", จ้างเหมาโครงการปรับปรุงฝาบ่อพัก ซอยรังสิต-นครนายก 24 ,ยังไม่คืน,19/2/2565,สำนักการช่าง
6/2/2563,CNTR-550/63,บริษัท วิรุฬห์ แอนด์ เกวนเนส จำกัด,หนังสือค้ำประกันเลขที่ 100029997017 / 1 ปี ,"127,000.00",ซื้อดำเนินการโครงการติดตั้งเครื่องสูบน้ำสถานีสูบน้ำ ซอยรังสิต-ปทุมธานี 15 (ท้ายซอย),ยังไม่คืน,1 ปี นับถัดจากวันที่ส่งมอบงานงวดสุดท้าย,สำนักการช่าง
7/2/2563,CNTR-559/63,บริษัท โตวันทรานสปอร์ต จำกัด,หนังสือค้ำประกันเลขที่ 02239201000024 / 2 ปี ,"221,250.00",จ้างก่อสร้างก่อสร้างถนน คสล.พร้อมวางท่อระบายน้ำ คสล.ซอยพหลโยธิน 105 (กรุงเทพเมืองใหม่),ยังไม่คืน,2 ปี นับถัดจากวันที่ส่งมอบงานงวดสุดท้าย,สำนักการช่าง
17/2/2563,CNTR-593/63,บริษัท พกฤษ จำกัด,เงินสด  / 2 ปี ,"22,000.00",จ้างเหมาโครงการปรับปรุงฝาบ่อพัก บริเวณซอยรังสิต-นครนายก 59,ยังไม่คืน,4/3/2565,สำนักการช่าง
17/2/2563,CNTR-596/63,ห้างหุ้นส่วนจำกัด มัลติ ซัพพลาย อีควิปเมนท์ 1998,เงินสด  / 7 วัน ,"1,260.00",ซื้อเครื่องฉีดน้ำแรงดันสูง พร้อมอุปกรณ์ จำนวน ๑ เครื่อง,ยังไม่คืน,7 วัน นับถัดจากวันที่ส่งมอบงานงวดสุดท้าย,สำนักการช่าง
18/2/2563,CNTR-605/63,บริษัท เอ็นจินีโอ จำกัด,เงินสด  / 2 ปี ,"24,370.00",จ้างเหมาโครงการปรับปรุงระบบไฟฟ้าส่องสว่างศาลารอรถโดยสารโดยใช้พลังงานทดแทน ศาลารอรถโดยสารบริเวณหมู่บ้านสีวลี 1 ,ยังไม่คืน,2 ปี นับถัดจากวันที่ส่งมอบงานงวดสุดท้าย,สำนักการช่าง
20/2/2563,CNTR-628/63,บริษัท พกฤษ จำกัด,เงินสด  / 2 ปี ,"7,510.00",จ้างเหมาโครงการปรับปรุงฝาบ่อพัก บริเวณท้ายซอยหมู่บ้านพฤกษาวิลล์ ,ยังไม่คืน,6/3/2565,สำนักการช่าง
27/2/2563,CNTR-672/63,ห้างหุ้นส่วนจำกัด ผดุง เอ็นจิเนียริ่ง แอนด์ คอนสตรัคชั่น,เงินสด  / 2 ปี ,"8,450.00",จ้างเหมาโครงการปรับปรุงอาคารอเนกประสงค์ ซอยรังสิต-นครนายก ๒๖ ,ยังไม่คืน,24/4/2565,สำนักการช่าง
9/3/2563,CNTR-739/63,บริษัท อ.นวรัตน์ จำกัด,เงินสด  / 1 ปี ,"23,830.00",จ้างเหมาซ่อมแซมถนนแอสฟัลติกคอนกรีต ซอยรังสิต-นครนายก 46 และ ซอยรังสิต-ปทุมธานี 29 (งานไพร์โค๊ต),ยังไม่คืน,14/3/2564,งานไฟฟ้าถนน
10/3/2563,CNTR-744/63,บริษัท อ.นวรัตน์ จำกัด,เงินสด  / 1 ปี ,"24,390.00",จ้างซ่อมเปลี่ยนสายไฟเบอร์ออฟติกภายในเขตเทศบาลนครรังสิต,ยังไม่คืน,10/4/2564,งานไฟฟ้าถนน
12/3/2563,CNTR-757/63,บริษัท พกฤษ จำกัด,เงินสด  / 1 ปี ,"24,700.00",จ้างเหมาติดตั้งโคมไฟฟ้าถนน หลอด LED Tube 2 x 18 วัตต์ 470 ชุด,ยังไม่คืน,1 ปี นับถัดจากวันที่ส่งมอบงานงวดสุดท้าย,สำนักการช่าง
13/3/2563,CNTR-759/63,บริษัท พกฤษ จำกัด,เงินสด  / 2 ปี ,"24,700.00",โครงการปรับปรุงฝาบ่อพัก ซอยรังสิต-นครนายก 4,ยังไม่คืน,31/3/2565,สำนักการช่าง
13/3/2563,CNTR-766/63,ห้างหุ้นส่วนจำกัด ผดุง เอ็นจิเนียริ่ง แอนด์ คอนสตรัคชั่น,เงินสด  / 1 ปี ,"10,420.00",จ้างเหมาซ่อมแซมห้องน้ำ ทาสีเวทีกิจกรรม ทาสีเสาไฟและติดตั้งตาข่าย บริเวณสวนสาธารณะ ซอยรังสิต-ปทุมธานี 14 ซอย 11,ยังไม่คืน,1 ปี นับถัดจากวันที่ส่งมอบงานงวดสุดท้าย,สำนักการช่าง
16/3/2563,CNTR-769/63,บริษัท พกฤษ จำกัด,เงินสด  / 2 ปี ,"11,300.00",โครงการปรับปรุงฝาบ่อพัก เลียบคลองรังสิตประยูรศักดิ์ ช่วงระหว่างซอยรังสิต-นครนายก 16 ถึงซอยรังสิต-นครนายก 18,ยังไม่คืน,31/3/2565,สำนักการช่าง
16/3/2563,CNTR-773/63,ห้างหุ้นส่วนจำกัด ธนยังวนิชเศรษฐ,เงินสด  / 2 ปี ,"92,000.00",โครงการก่อสร้างถนน คสล. พร้อมวางท่อระบายน้ำ คสล. ซอยรังสิต-นครนายก 45 (ส่วนที่เหลือ),ยังไม่คืน,2 ปี นับถัดจากวันที่ส่งมอบงานงวดสุดท้าย,สำนักการช่าง
17/3/2563,CNTR-580/63,ห้างหุ้นส่วนจำกัด ศรีอยุธยาการโยธา,หนังสือค้ำประกันเลขที่ 100029980920 / 2 ปี ,"112,000.00",จ้างก่อสร้างโครงการปรับปรุงบริเวณทางแยกปากซอยรังสิต-นครนายก 30 ,ยังไม่คืน,2 ปี นับถัดจากวันที่ส่งมอบงานงวดสุดท้าย,สำนักการช่าง
17/3/2563,CNTR-582/63,ห้างหุ้นส่วนจำกัด ศรีอยุธยาการโยธา,หนังสือค้ำประกันเลขที่ 100029987127 / 2 ปี ,"73,500.00",จ้างก่อสร้างก่อสร้างถนนผิวจราจรแอสฟัลท์ติกคอนกรีตถนนเลียบคลองรังสิตประยูรศักดิ์ ช่วงระหว่างถนนพหลโยธิน ถึง ซอยรังสิต-นครนายก 2,ยังไม่คืน,2 ปี นับถัดจากวันที่ส่งมอบงานงวดสุดท้าย,สำนักการช่าง
17/3/2563,CNTR-775/63,ห้างหุ้นส่วนจำกัด ผดุง เอ็นจิเนียริ่ง แอนด์ คอนสตรัคชั่น,เงินสด  / 1 ปี ,"24,925.00",จ้างเหมาซ่อมแซมฟุตบาททางเท้า บริเวณหมู่บ้านเอื้ออาทรรังสิต,ยังไม่คืน,1 ปี นับถัดจากวันที่ส่งมอบงานงวดสุดท้าย,สำนักการช่าง
18/3/2563,CNTR-784/63,บริษัท พรวิเศษ วิศว์ จำกัด,เงินสด  / 4 เดือน ,"32,717.00",จ้างออกแบบออกแบบงานภูมิทัศน์บริเวณที่ดินเทศบาล ซอยรังสิต-นครนายก 30 (ซอยโรงสี),ยังไม่คืน,4 เดือน นับถัดจากวันที่ส่งมอบงานงวดสุดท้าย,สำนักการช่าง
20/3/2563,CNTR-798/63,บริษัท พกฤษ จำกัด,เงินสด  / 2 ปี ,"22,030.00",จ้างซ่อมเครื่องเติมอากาศ  (๖๓๓ ๕๙ ๐๐๐๖),ยังไม่คืน,2/4/2565,สำนักการช่าง
30/3/2563,CNTR-847/63,บริษัท พกฤษ จำกัด,เงินสด  / 2 ปี ,"24,700.00", จ้างเหมาโครงการปรับปรุงฝาบ่อพัก ซอยรังสิต-นครนายก 12 ,ยังไม่คืน,2 ปี นับถัดจากวันที่ส่งมอบงานงวดสุดท้าย,สำนักการช่าง
31/3/2563,CNTR-859/63,ห้างหุ้นส่วนจำกัด ผดุง เอ็นจิเนียริ่ง แอนด์ คอนสตรัคชั่น,เงินสด  / 3 เดือน ,"5,590.00",จ้างเหมาซ่อมแซมป้ายประชาสัมพันธ์บอกเส้นทางภายในเขตเทศบาลนครรังสิต ,ยังไม่คืน,8/7/2563,สำนักการช่าง
2/4/2563,CNTR-872/63,บริษัท แอดวานซ์ ดิจิตอล ซินเนอร์ยี จำกัด,เงินสด  / 1 ปี ,"7,360.00",ซ่อมแซมลานแอโรบิค,ยังไม่คืน,20/5/2564,สำนักการช่าง
3/4/2563,CNTR-875/63,บริษัท พกฤษ จำกัด,เงินสด  / 1 ปี ,"23,700.00",จ้างเหมาซ่อมแซมฝาบ่อพัก บริเวณซอยรังสิต-นครนายก 31,ยังไม่คืน,15/4/2564,สำนักการช่าง
7/4/2563,CNTR-890/63,บริษัท พกฤษ จำกัด,เงินสด  / 1 ปี ,"9,000.00",จ้างเหมาซ่อมแซมฟุตบาททางเท้า บริเวณปากซอยรังสิต-นครนายก 36,ยังไม่คืน,15/4/2564,สำนักการช่าง
8/4/2563,CNTR-900/63,ห้างหุ้นส่วนจำกัด ผดุง เอ็นจิเนียริ่ง แอนด์ คอนสตรัคชั่น,เงินสด  / 1 ปี ,"9,710.00",จ้างเหมาซ่อมแซมฟุตบาททางเท้า บริเวณปากซอยรังสิต-นครนายก 36,ยังไม่คืน,29/4/2564,สำนักการช่าง
17/4/2563,CNTR-954/63,บริษัท อ.นวรัตน์ จำกัด,เงินสด  / 1 ปี ,475,ซื้อครุภัณฑ์งานบ้านงานครัว (เครื่องตัดหญ้าแบบข้อแข็ง) จำนวน ๑ เครื่อง,ยังไม่คืน,28/4/2564,สำนักการช่าง
17/4/2563,CNTR-955/63,บริษัท อ.นวรัตน์ จำกัด,เงินสด  / 1 ปี ,"3,040.00","ซื้อครุภัณฑ์โรงงาน (เครื่องเจีย,เครื่องตัดเหล็ก และเลื่อยวงเดือนไฟฟ้า) จำนวน ๑ งาน ",ยังไม่คืน,16/5/2564,สำนักการช่าง
21/4/2563,CNTR-961/63,บริษัท พกฤษ จำกัด,เงินสด  / 2 ปี ,"12,200.00",จ้างเหมาโครงการติดตั้งไฟฟ้าส่องสว่าง บริเวณเครื่องออกกำลังกาย ปากซอยรังสิต-นครนายก 4 ,ยังไม่คืน,2 ปี นับถัดจากวันที่ส่งมอบงานงวดสุดท้าย,สำนักการช่าง
21/4/2563,CNTR-964/63,ห้างหุ้นส่วนจำกัด เดชปภัช คอนสตรัคชั่น,เงินสด  / 2 ปี ,"37,000.00",จ้างก่อสร้างโครงการก่อสร้างบ่อพัก คสล.ปากซอยรังสิต-นครนายก 6 ,ยังไม่คืน,2 ปี นับถัดจากวันที่ส่งมอบงานงวดสุดท้าย,สำนักการช่าง
30/4/2563,CNTR-1021/63,ห้างหุ้นส่วนจำกัด ผดุง เอ็นจิเนียริ่ง แอนด์ คอนสตรัคชั่น,เงินสด  / 1 ปี ,"7,965.00",จ้างเหมาซ่อมแซมพื้นคอนกรีตลานเครื่องอัดขยะมูลฝอยในสถานีขนถ่ายขยะมูลฝอย,ยังไม่คืน,1 ปี นับถัดจากวันที่ส่งมอบงานงวดสุดท้าย,สำนักการช่าง
7/5/2563,CNTR-1028/63,ห้างหุ้นส่วนจำกัด สหผลวัฒนาโยธาการ,หนังสือค้ำประกันเลขที่ ค.47690297651000 / 2 ปี ,"215,000.00",จ้างก่อสร้างก่อสร้างถนน คสล.พร้อมวางท่อระบายน้ำ คสล.ถนนเลียบคลองรังสิตประยูรศักดิ์ฝั่งใต้ ช่วงหมู่บ้านสีวลี 2 ถึงหมู่บ้านมัณฑนา 2,ยังไม่คืน,2 ปี นับถัดจากวันที่ส่งมอบงานงวดสุดท้าย,สำนักการช่าง
13/5/2563,CNTR-1036/63,ห้างหุ้นส่วนจำกัด ผดุง เอ็นจิเนียริ่ง แอนด์ คอนสตรัคชั่น,เงินสด  / 3 เดือน ,"12,100.00",จ้างเหมาซ่อมแซมระบบสปริงเกอร์รดน้ำต้นไม้สวนสาธารณะ ภายในเขตเทศบาลนครรังสิต ,ยังไม่คืน,3 เดือน นับถัดจากวันที่ส่งมอบงานงวดสุดท้าย,สำนักการช่าง
18/5/2563,CNTR-1069/63,บริษัท พรประเสริฐ การโยธา จำกัด,หนังสือค้ำประกันเลขที่ 02237201000231 / 2 ปี ,"389,500.00",จ้างก่อสร้างก่อสร้างถนนคอนกรีตเสริมเหล็ก รหัสทางหลวงท้องถิ่น ปท.ถ6-0060 สายซอยรังสิต-นครนายก 42 ชุมชนคุ้มเกล้าอยู่เจริญ 2,ยังไม่คืน,2 ปี นับถัดจากวันที่ส่งมอบงานงวดสุดท้าย,สำนักการช่าง
19/5/2563,CNTR-1074/63,บริษัท วันชัย 1992 จำกัด,หนังสือค้ำประกันเลขที่ 00019/201269/0019/63 / 5 ปี ,"360,000.00",จ้างก่อสร้างก่อสร้างถนนคอนกรีตเสริมเหล็กพร้อมวางท่อระบายน้ำคอนกรีตเสริมเหล็ก รหัสทางหลวงท้องถิ่น สายซอยรังสิต-นครนายก 56 (ช่วง 2) ชุมชนหมู่บ้านธารารินทร์ (วัดจันทรสุข),ยังไม่คืน,5 ปี นับถัดจากวันที่ส่งมอบงานงวดสุดท้าย,สำนักการช่าง
20/5/2563,CNTR-1083/63,บริษัท พกฤษ จำกัด,เงินสด  / 2 ปี ,"11,500.00",จ้างเหมาโครงการปรับปรุงฝาบ่อพักเลียบคลองรังสิตประยูรศักดิ์ ช่วงระหว่าง ซอยรังสิต-นครนายก 18 ถึง ซอยรังสิต-นครนายก 22 ,ยังไม่คืน,28/5/2565,สำนักการช่าง
20/5/2563,CNTR-1086/63,ห้างหุ้นส่วนจำกัด ผดุง เอ็นจิเนียริ่ง แอนด์ คอนสตรัคชั่น,เงินสด  / 1 ปี ,"24,235.00",จ้างเหมาซ่อมแซมถนนคอนกรีตเสริมเหล็ก ซอยรังสิต-ปทุมธานี 31,ยังไม่คืน,1 ปี นับถัดจากวันที่ส่งมอบงานงวดสุดท้าย,สำนักการช่าง
20/5/2563,CNTR-1087/63,ห้างหุ้นส่วนจำกัด ผดุง เอ็นจิเนียริ่ง แอนด์ คอนสตรัคชั่น,เงินสด  / 2 ปี ,"14,600.00", จ้างเหมาโครงการปรับปรุงประตูระบายน้ำบริเวณหน้าปากซอยรังสิต-นครนายก 32 ,ยังไม่คืน,20/6/2565,สำนักการช่าง
25/5/2563,CNTR-1097/63,บริษัท พกฤษ จำกัด,เงินสด  / 2 ปี ,"17,100.00",จ้างติดตั้งไฟฟ้าส่องสว่างทางสาธารณะบริเวณซอยรังสิต-นครนายก 28,ยังไม่คืน,2 ปี นับถัดจากวันที่ส่งมอบงานงวดสุดท้าย,สำนักการช่าง
25/5/2563,CNTR-1098/63,บริษัท พกฤษ จำกัด,เงินสด  / 2 ปี ,"22,400.00",จ้างเหมาโครงการปรับปรุงฝาบ่อพัก ซอยรังสิต-ปทุมธานี 17 ช่วงกลางซอย (ช่วง 1),ยังไม่คืน,2 ปี นับถัดจากวันที่ส่งมอบงานงวดสุดท้าย,สำนักการช่าง
11/6/2563,CNTR-1164/63,บริษัท พกฤษ จำกัด,เงินสด  / 2 ปี ,"22,300.00",จ้างเหมาโครงการปรับปรุงฝาบ่อพักช่วงหมู่บ้านลุมพินีถึงปากซอยรังสิต-นครนายก 26 ,ยังไม่คืน,2 ปี นับถัดจากวันที่ส่งมอบงานงวดสุดท้าย,สำนักการช่าง
22/6/2563,CNTR-1182/63,ห้างหุ้นส่วนจำกัด เกรียงไกร เทคนิค,เงินสด  / 3 เดือน ,"7,000.00",จ้างซ่อมรถแบคโฮ ตค ๖๕,ยังไม่คืน,3 เดือน นับถัดจากวันที่ส่งมอบงานงวดสุดท้าย,สำนักการช่าง
1/7/2563,CNTR-1228/63,ห้างหุ้นส่วนจำกัด  นาคนิกร,เงินสด  / 3 เดือน ,"9,600.00",จ้างซ่อมรถดูดสิ่งปฏิกูล ทะเบียน ๘๒-๐๗๗๕ (๐๐๙ ๔๘ ๐๐๐๒) ,ยังไม่คืน,3 เดือน นับถัดจากวันที่ส่งมอบงานงวดสุดท้าย,สำนักการช่าง
1/7/2563,CNTR-1230/63,ห้างหุ้นส่วนจำกัด  นาคนิกร,เงินสด  / 3 เดือน ,"8,300.00",จ้างซ่อมรถดูดสิ่งปฏิกูล ทะเบียน 82-0776,ยังไม่คืน,3 เดือน นับถัดจากวันที่ส่งมอบงานงวดสุดท้าย,สำนักการช่าง
8/7/2563,CNTR-1246/63,ห้างหุ้นส่วนจำกัด เอทีเอส ซัพพลาย,เงินสด  / 1 ปี ,"33,438.00",ซื้อครุภัณฑ์ไฟฟ้า (โคมไฟฟ้าถนน) ,ยังไม่คืน,1 ปี นับถัดจากวันที่ส่งมอบงานงวดสุดท้าย,สำนักการช่าง
10/7/2563,CNTR-1261/63,บริษัท พกฤษ จำกัด,เงินสด  / 2 ปี ,"23,510.00",จ้างเหมาโครงการติดตั้งไฟฟ้าส่องสว่าง บริเวณสวนสาธารณะ ซอยรังสิต-ปทุมธานี 14 ซอย 16,ยังไม่คืน,2 ปี นับถัดจากวันที่ส่งมอบงานงวดสุดท้าย,สำนักการช่าง
13/7/2563,CNTR-1266/63,ห้างหุ้นส่วนจำกัด เกรียงไกร เทคนิค,เงินสด  / 3 เดือน ,"7,900.00",จ้างซ่อมตู้บรรทุกขยะ เบอร์๘ (๐๒๘ ๕๑ ๐๐๑๑) ,ยังไม่คืน,3 เดือน นับถัดจากวันที่ส่งมอบงานงวดสุดท้าย,สำนักการช่าง
17/7/2563,CNTR-1294/63,บริษัท พกฤษ จำกัด,เงินสด  / 2 ปี ,"23,600.00",จ้างเหมาโครงการปรับปรุงฝาบ่อพัก ซอยรังสิต-นครนายก 6 ช่วง 3 ท้ายซอย,ยังไม่คืน,1/8/2565,สำนักการช่าง
21/7/2563,CNTR-1317/63,นางสาวนภาพรรณ กลิ่นเกลี้ยง,เงินสด  / 15 วัน ,"9,580.00",จ้างเหมาลอกท่อระบายน้ำภายในเขตเทศบาลนครรังสิต,ยังไม่คืน,15 วัน นับถัดจากวันที่ส่งมอบงานงวดสุดท้าย,สำนักการช่าง
29/7/2563,CNTR-1339/63,บริษัท พกฤษ จำกัด,เงินสด  / 2 ปี ,"13,100.00",จ้างเหมาโครงการติดตั้งไฟฟ้าจุดตัดแยกสะพานข้ามคลองหน้าหมู่บ้านฟ้าลากูล ,ยังไม่คืน,2 ปี นับถัดจากวันที่ส่งมอบงานงวดสุดท้าย,สำนักการช่าง
3/8/2563,CNTR-1360/63,ห้างหุ้นส่วนจำกัด เกรียงไกร เทคนิค,เงินสด  / 3 เดือน ,"9,000.00",จ้างซ่อมรถยนต์ทะเบียน ๘๒-๓๒๕๔ (เลขครุภัณฑ์ ๐๖-๕๐-๐๐๐๑) จำนวน ๑ งาน,ยังไม่คืน,3 เดือน นับถัดจากวันที่ส่งมอบงานงวดสุดท้าย,สำนักการช่าง
4/8/2563,CNTR-1370/63,บริษัท ธนกุลดีไซน์ แอนด์ เดคคอร์ จำกัด,หนังสือค้ำประกันเลขที่ 02120201000147 / 2 ปี ,"24,300.00",จ้างเหมาโครงการติดตั้งไฟฟ้าส่องสว่างทางแยกท้ายซอยรังสิต-ปทุมธานี 15,ยังไม่คืน,2 ปี นับถัดจากวันที่ส่งมอบงานงวดสุดท้าย,สำนักการช่าง
21/8/2563,CNTR-1452/63,บริษัท พกฤษ จำกัด,เงินสด  / 1 ปี ,"22,210.00",จ้างซ่อมรถตักหน้า-ขุดหลัง JCB ทะเบียน ต-๐๓๔๖ ,ยังไม่คืน,1 ปี นับถัดจากวันที่ส่งมอบงานงวดสุดท้าย,สำนักการช่าง
25/8/2563,CNTR-1482/63,ห้างหุ้นส่วนจำกัด ผดุง เอ็นจิเนียริ่ง แอนด์ คอนสตรัคชั่น,เงินสด  / 3 เดือน ,"6,120.00",จ้างเหมาซ่อมแซมประตูระบายน้ำบริเวณหน้าปากซอยรังสิต-นครนายก 38 ,ยังไม่คืน,3 เดือน นับถัดจากวันที่ส่งมอบงานงวดสุดท้าย,สำนักการช่าง
28/8/2563,CNTR-1494/63,บริษัท วิรุฬห์ แอนด์ เกวนเนส จำกัด,หนังสือค้ำประกันเลขที่ 100033706140 / 3 เดือน ,"16,237.25",จ้างซ่อมเครื่องสูบน้ำ เลขครุภัณฑ์ ๐๕๕ ๖๑ ๐๔๔๕,ยังไม่คืน,3 เดือน นับถัดจากวันที่ส่งมอบงานงวดสุดท้าย,สำนักการช่าง
28/8/2563,CNTR-1495/63,บริษัท วิรุฬห์ แอนด์ เกวนเนส จำกัด,หนังสือค้ำประกันเลขที่ 100033706078 / 3 เดือน ,"24,631.40","จ้างซ่อมเครื่องสูบน้ำ (๐๕๕ ๕๗ ๐๓๖๗) ,ตู้ควบคุมเครื่องสูบน้ำ (๒๐๒ ๕๗ ๐๐๐๖) และเครื่องเก็บขยะอัติโนมัติ (๖๓๕ ๕๗ ๐๐๐๓) ",ยังไม่คืน,3 เดือน นับถัดจากวันที่ส่งมอบงานงวดสุดท้าย,สำนักการช่าง
31/8/2563,CNTR-1510/63,ห้างหุ้นส่วนจำกัด พี.ที.สถาปัตย์,หนังสือค้ำประกันเลขที่ 00019/200460/0045/63 / 2 ปี ,"247,500.00",จ้างก่อสร้างถนน คสล.พร้อมวางท่อระบายน้ำ คสล.ซอยรังสิต-นครนายก 56 ซอย 2 (หมู่บ้านธารารินทร์),ยังไม่คืน,2 ปี นับถัดจากวันที่ส่งมอบงานงวดสุดท้าย,สำนักการช่าง
31/8/2563,CNTR-1512/63,บริษัท พรประเสริฐ การโยธา จำกัด,หนังสือค้ำประกันเลขที่ 02237201000398 / 2 ปี ,"97,500.00",จ้างก่อสร้างโครงการก่อสร้างถนน คสล.พร้อมวางท่อระบายน้ำ คสล.ซอยรังสิต-นครนายก 57 (ซอยเจ้าจอม),ยังไม่คืน,2 ปี นับถัดจากวันที่ส่งมอบงานงวดสุดท้าย,สำนักการช่าง
2/9/2563,CNTR-1535/63,บริษัท อ.นวรัตน์ จำกัด,เงินสด  / 1 ปี ,"5,000.00", ซื้อครุภัณฑ์สำรวจ เครื่องหาพิกัดด้วยสัญญาณดาวเทียมแบบพกพา,ยังไม่คืน,1 ปี นับถัดจากวันที่ส่งมอบงานงวดสุดท้าย,สำนักการช่าง
3/9/2563,CNTR-1552/63,ห้างหุ้นส่วนจำกัด ผดุง เอ็นจิเนียริ่ง แอนด์ คอนสตรัคชั่น,เงินสด  / 2 ปี ,"13,800.00",จ้างเหมาโครงการก่อสร้างขยายผิวจราจรถนนเลียบคลองรังสิตประยูรศักดิ์ ปากซอยรังสิต-นครนายก 56,ยังไม่คืน,2 ปี นับถัดจากวันที่ส่งมอบงานงวดสุดท้าย,สำนักการช่าง
14/9/2563,CNTR-1568/63,บริษัท อ.นวรัตน์ จำกัด,เงินสด  / 3 เดือน ,"23,350.00",จ้างเหมาซ่อมแซมถนนแอสฟัลติกคอนกรีต สะพาน ในความรับผิดชอบของเทศบาลนครรังสิต,ยังไม่คืน,3 เดือน นับถัดจากวันที่ส่งมอบงานงวดสุดท้าย,สำนักการช่าง
15/9/2563,CNTR-1584/63,บริษัท อ.นวรัตน์ จำกัด,เงินสด  / 1 ปี ,"10,000.00",ซื้อครุภัณฑ์ก่อสร้าง รถดั้มเปอร์โม่ปูน ,ยังไม่คืน,1 ปี นับถัดจากวันที่ส่งมอบงานงวดสุดท้าย,สำนักการช่าง
16/9/2563,CNTR-1168/63,บริษัท อาควา นิชิฮาร่า คอร์ปอเรชั่น จำกัด,หนังสือค้ำประกันเลขที่ 02194201000165 / 1 ปี ,"22,470.00",ซ่อมระบบบำบัดน้ำเสีย จำนวน 1 งาน,ยังไม่คืน,1 ปี นับถัดจากวันที่ส่งมอบงานงวดสุดท้าย,สำนักการช่าง
16/9/2563,CNTR-1600/63,ห้างหุ้นส่วนจำกัดอมรเทพ วิศวกรรม,เงินสด ,"14,300.00",จ้างเหมาเอกชนกำจัดขยะมูลฝอยภายในเขตเทศบาลนครรังสิต ตั้งแต่วันที่ 17-30 กันยายน 2563 ,ยังไม่คืน,2/10/2563,สำนักการช่าง
17/9/2563,CNTR-1604/63,ห้างหุ้นส่วนจำกัดอมรเทพ วิศวกรรม,เงินสด ,"393,250.00",จ้างจ้างเหมาเอกชนกำจัดขยะมูลฝอยในเขตเทศบาล,ยังไม่คืน,1/10/2564,สำนักการช่าง
17/9/2563,CNTR-1612/63,บริษัท เฮอร์ริเทจ อินเตอร์เนชั่ลแนล โพร์วายเดอร์ จำกัด,เงินสด  / 1 ปี ,"1,000.00",ซื้อครุภัณฑ์สำนักงาน (ตู้ไม้เข้าผนัง),ยังไม่คืน,1 ปี นับถัดจากวันที่ส่งมอบงานงวดสุดท้าย,สำนักการช่าง
17/9/2563,CNTR-1613/63,ห้างหุ้นส่วนจำกัด ผดุง เอ็นจิเนียริ่ง แอนด์ คอนสตรัคชั่น,เงินสด  / 2 ปี ,"19,000.00",จ้างเหมาก่อสร้างเวทีผู้นำออกกำลังกาย พร้อมติดตั้ง   ให้แก่กองการศึกษา,ยังไม่คืน,2 ปี นับถัดจากวันที่ส่งมอบงานงวดสุดท้าย,สำนักการช่าง
21/9/2563,CNTR-1625/63,บริษัท พกฤษ จำกัด,เงินสด  / 1 ปี ,"24,640.00",จ้างเหมาติดตั้งโคมไฟถนน หลอด LED Tube 2 x 18 วัตต์,ยังไม่คืน,1 ปี นับถัดจากวันที่ส่งมอบงานงวดสุดท้าย,สำนักการช่าง
22/9/2563,CNTR-1631/63,ห้างหุ้นส่วนจำกัด ราไชศวรรย์,หนังสือค้ำประกันเลขที่ 02071201000118 / 2 ปี ,"82,000.00",โครงการปรับปรุงสะพานโรงเรียนทองพูนอุทิศ,ยังไม่คืน,2 ปี นับถัดจากวันที่ส่งมอบงานงวดสุดท้าย,สำนักการช่าง
22/9/2563,CNTR-1638/63,นางสาวนภาพรรณ กลิ่นเกลี้ยง,เงินสด  / 15 วัน ,"20,340.00",จ้างเหมาปรับปรุงภูมิทัศน์ บริเวณเกาะกลางถนนริมเขื่อนโรงเรียนประชาธิปัตย์ ,ยังไม่คืน,15 วัน นับถัดจากวันที่ส่งมอบงานงวดสุดท้าย,สำนักการช่าง
22/9/2563,CNTR-1643/63,ห้างหุ้นส่วนจำกัด ผดุง เอ็นจิเนียริ่ง แอนด์ คอนสตรัคชั่น,เงินสด  / 3 เดือน ,"23,450.00",จ้างเหมาซ่อมแซมลานวางตู้คอนเทนเนอร์และรางระบายน้ำสถานีขนถ่ายขยะมูลฝอย,ยังไม่คืน,3 เดือน นับถัดจากวันที่ส่งมอบงานงวดสุดท้าย,สำนักการช่าง
23/9/2563,CNTR-1645/63,บริษัท พี ซี คอนกรีตปทุมธานี จำกัด,หนังสือค้ำประกันเลขที่ ค.47690308443000 / 2 ปี ,"24,100.00",จ้างเหมาซ่อมแซมลานวางตู้คอนเทนเนอร์และรางระบายน้ำสถานีขนถ่ายขยะมูลฝอย,ยังไม่คืน,3 เดือน นับถัดจากวันที่ส่งมอบงานงวดสุดท้าย,สำนักการช่าง
23/9/2563,CNTR-1647/63,ห้างหุ้นส่วนจำกัด สหผลวัฒนาโยธาการ,หนังสือค้ำประกันเลขที่ ค.47690308445000 / 2 ปี ,"24,000.00",จ้างเหมาโครงการปรับปรุงระบบจราจร บริเวณซอยรังสิต-นครนายก 46 (ถนนเสมา-ฟ้าคราม) ,ยังไม่คืน,2 ปี นับถัดจากวันที่ส่งมอบงานงวดสุดท้าย,สำนักการช่าง
23/9/2563,CNTR-1649/63,ห้างหุ้นส่วนจำกัด ผดุง เอ็นจิเนียริ่ง แอนด์ คอนสตรัคชั่น,เงินสด  / 3 เดือน ,"6,100.00",จ้างซ่อมแซมอาคารหอประชุม ๑๐๐ ปี เมืองธัญญบูรี จำนวน ๑ งาน,ยังไม่คืน,3 เดือน นับถัดจากวันที่ส่งมอบงานงวดสุดท้าย,สำนักการช่าง
24/9/2563,CNTR-1651/63,บริษัท พกฤษ จำกัด,เงินสด  / 2 ปี ,"22,345.00",จ้างเหมาซ่อมแซมฝาบ่อพัก บริเวณซอยรังสิต-นครนายก 59 (ช่วงที่ 2 กลางซอย),ยังไม่คืน,2 ปี นับถัดจากวันที่ส่งมอบงานงวดสุดท้าย,สำนักการช่าง
24/9/2563,CNTR-1655/63,บริษัท อ.นวรัตน์ จำกัด,เงินสด  / 1 ปี ,"5,000.00",ซื้อปั๊มชักมอเตอร์ไฟฟ้า,ยังไม่คืน,1 ปี นับถัดจากวันที่ส่งมอบงานงวดสุดท้าย,งานไฟฟ้าถนน
25/9/2563,CNTR-1658/63,ห้างหุ้นส่วนจำกัด ผดุง เอ็นจิเนียริ่ง แอนด์ คอนสตรัคชั่น,เงินสด  / 3 เดือน ,"24,350.00",จ้างเหมาซ่อมแซมทางเดินเท้าแบบอิฐตัวหนอน บริเวณริมถนนรังสิต-นครนายก (ฝั่งเหนือ),ยังไม่คืน,3 เดือน นับถัดจากวันที่ส่งมอบงานงวดสุดท้าย,สำนักการช่าง
25/9/2563,CNTR-1663/63,กิจการร่วมค้า เอส.เอ็ม.ซี.,หนังสือค้ำประกันเลขที่ 800351053896 / 2 ปี ,"127,232.00",างก่อสร้างรั้ว คสล. ศูนย์พึ่งพิงสุนัขจรจัดคลองสิบสอง (ตั้งจ่ายรายการใหม่ 2561),ยังไม่คืน,2 ปี นับถัดจากวันที่ส่งมอบงานงวดสุดท้าย,สำนักการช่าง
29/9/2563,CNTR-1688/63,บริษัท รักษาความปลอดภัย พิทักษ์ชน การ์ด เซอร์วิส จำกัด,เงินสด  / 15 วัน ,"52,002.00",จ้างเหมารักษาความปลอดภัยสถานีขนถ่ายขยะมูลฝอย ฝั่งตะวันออก (ซอยรังสิต-นครนายก 17),ยังไม่คืน,15 วัน นับถัดจากวันที่ส่งมอบงานงวดสุดท้าย,สำนักการช่าง
29/9/2563,CNTR-1689/63,ห้างหุ้นส่วนจำกัด ผดุง เอ็นจิเนียริ่ง แอนด์ คอนสตรัคชั่น,เงินสด  / 15 วัน ,"142,500.00",จ้างเหมาดูแลบำรุงรักษาต้นไม้และสวนหย่อมภายในเขตเทศบาล,ยังไม่คืน,15 วัน นับถัดจากวันที่ส่งมอบงานงวดสุดท้าย,สำนักการช่าง
29/9/2563,CNTR-1690/63,ห้างหุ้นส่วนจำกัด ศรีอยุธยาการโยธา,หนังสือค้ำประกันเลขที่ 100034236024 / 2 ปี ,"242,500.00",จ้างก่อสร้างปรับปรุงผิวจราจรพาราแอสฟัลท์ติกคอนกรีต ซอยรังสิต-นครนายก 58,ยังไม่คืน,2 ปี นับถัดจากวันที่ส่งมอบงานงวดสุดท้าย,สำนักการช่าง
30/9/2563,CNTR-1691/63,บริษัท เมืองสะอาด จำกัด,หนังสือค้ำประกันเลขที่ ค.47690309110000,"5,894,933.00",จ้างเอกชนจัดเก็บขยะมูลฝอยในเขตเทศบาลนครรังสิต ปีงบประมาณ พ.ศ.2564-2568,ยังไม่คืน,1/10/2568,สำนักการช่าง
7/12/2563,CNTR-1693/63,บริษัท รักษาความปลอดภัย เอ็ม.วาย.เซอร์วิส จำกัด,หนังสือค้ำประกันเลขที่ 02192201000592 / 15 วัน ,"36,000.00",จ้างเหมารักษาความปลอดภัยอาคารโรงเก็บพัสดุ หลังวัดจันทรสุข (ซอยรังสิต-นครนายก 56),ยังไม่คืน,15 วัน นับถัดจากวันที่ส่งมอบงานงวดสุดท้าย,สำนักการช่าง
7/10/2563,CNTR-24/64,นางศิริทิพย์  จันทร์เพ็ญ,เงินสด ,"5,087.00",จ้างเหมาดูแลสวนเฉลิมพระเกียรติภักดีราชา ซอยรังสิต-นครนายก 45,ยังไม่คืน,2/10/2564,สำนักการช่าง
21/10/2563,CNTR-56/64,บริษัท พกฤษ จำกัด,เงินสด  / 3 เดือน ,"18,731.00",จ้างเหมาซ่อมแซมเครื่องออกกำลังกายและเครื่องเล่นสนาม,ยังไม่คืน,3/2/2564,สำนักการช่าง
26/10/2563,CNTR-71/64,บริษัทเคลฟเวอร์ เซอร์วิส จำกัด,เงินสด  / 3 เดือน ,"10,465.00",จ้างซ่อมรถแบคโฮ ทะเบียน ตค ๖๕,ยังไม่คืน,16/9/2564,สำนักการช่าง
29/10/2563,CNTR-95/64,บริษัทเคลฟเวอร์ เซอร์วิส จำกัด,เงินสด  / 3 เดือน ,"7,656.00",จ้างเหมาซ่อมแซมเครื่องอัดขยะมูลฝอย ๒ เครื่อง (เลขครุภัณฑ์ ๓๒๙ ๕๑ ๐๐๐๑ และ ๓๒๙ ๕๔ ๐๐๐๒),ยังไม่คืน,15 วัน นับถัดจากวันที่ส่งมอบงานงวดสุดท้าย,สำนักการช่าง
18/11/2563,CNTR-183/64,บริษัท มาร์เก็ตติ้ง ฟอร์เวิร์ด จำกัด,เงินสด  / 3 เดือน ,"17,980.00", จ้างซ่อมเครื่องอัดขยะมูลฝอยเครื่องที่๒ (๓๒๙ ๕๔ ๐๐๐๒),ยังไม่คืน,24/2/2564,สำนักการช่าง
18/11/2563,CNTR-184/64,บริษัท มาร์เก็ตติ้ง ฟอร์เวิร์ด จำกัด,เงินสด  / 3 เดือน ,"6,030.00",จ้างซ่อมแซมรถแบคโฮ ตค ๒๑๗,ยังไม่คืน,28/2/2564,สำนักการช่าง
18/11/2563,CNTR-185/64,บริษัท มาร์เก็ตติ้ง ฟอร์เวิร์ด จำกัด,เงินสด  / 3 เดือน ,"6,560.00",จ้างซ่อมรถแบคโฮ ทะเบียน ตค ๒๑๖,ยังไม่คืน,18/12/2563,สำนักการช่าง
25/11/2563,CNTR-200/64,ห้างหุ้นส่วนจำกัด ผดุง เอ็นจิเนียริ่ง แอนด์ คอนสตรัคชั่น,เงินสด  / 15 วัน ,"21,030.00",จ้างเหมาลอกลำรางสาธารณะ บริเวณหลังหมู่บ้านณัฐวรรณ,ยังไม่คืน,3/3/2564,สำนักการช่าง
27/11/2563,CNTR-215/64,บริษัท มาร์เก็ตติ้ง ฟอร์เวิร์ด จำกัด,เงินสด  / 3 เดือน ,"13,655.00", จ้างซ่อมแซมตู้บรรทุกขยะ เบอร์ ๒ (๐๒๘ ๕๑ ๐๐๐๖) และเบอร์ ๔ (๐๒๘ ๕๑ ๐๐๐๘),ยังไม่คืน,8/12/2564,สำนักการช่าง
27/11/2563,CNTR-216/64,บริษัท มาร์เก็ตติ้ง ฟอร์เวิร์ด จำกัด,เงินสด  / 3 เดือน ,"10,481.00",จ้างซ่อมแซมตู้บรรทุกขยะ เบอร์ ๑๑ (๐๒๘ ๕๔ ๐๐๑๕),ยังไม่คืน,8/3/2564,สำนักการช่าง
27/11/2563,CNTR-219/64,บริษัท พกฤษ จำกัด,เงินสด  / 1 ปี ,"23,800.00",จ้างซ่อมแซมฝาบ่อพัก บริเวณปากซอยรังสิต-นครนายก 31,ยังไม่คืน,5/3/2564,สำนักการช่าง
27/11/2563,CNTR-223/64,บริษัทเคลฟเวอร์ เซอร์วิส จำกัด,เงินสด  / 3 เดือน ,"13,429.00",จ้างซ่อมรถบรรทุก ๑๐ ล้อ ทะเบียน ๘๑-๖๘๒๒,ยังไม่คืน,15/3/2564,สำนักการช่าง
27/11/2563,CNTR-225/64,บริษัทเคลฟเวอร์ เซอร์วิส จำกัด,เงินสด  / 3 เดือน ,"8,132.00",จ้างซ่อมรถดูดโคลนเลน ทะเบียน บง-๒๔๗,ยังไม่คืน,10/3/2564,สำนักการช่าง
30/11/2563,CNTR-231/64,บริษัท พกฤษ จำกัด,เงินสด  / 1 ปี ,"24,645.00",ซื้อครุภัณฑ์อื่น (เวทีกิจกรรม แบบถอดประกอบได้ ขนาด 6.00 x 10.00 x 8.00 เมตร จำนวน 1 ชุด) ,ยังไม่คืน,8/3/2564,สำนักการช่าง
30/11/2563,CNTR-233/64,บริษัท พกฤษ จำกัด,เงินสด  / 1 ปี ,"22,500.00",จ้างเหมาซ่อมแซมฝาบ่อพัก บริเวณปากซอยรังสิต-นครนายก 6 จำนวน 10 บ่อพัก,ยังไม่คืน,2 ปี นับถัดจากวันที่ส่งมอบงานงวดสุดท้าย,สำนักการช่าง
3/12/2563,CNTR-251/64,บริษัทเคลฟเวอร์ เซอร์วิส จำกัด,เงินสด  / 3 เดือน ,"8,650.00",จ้างซ่อมรถขยะคอนเทนเนอร์ ๖ ล้อ ทะเบียน บ-๓๘๓๐ (เลขครุภัณฑ์ ๐๑๑ ๓๘ ๐๐๑๕),ยังไม่คืน,15/3/2564,สำนักการช่าง
3/12/2563,CNTR-252/64,บริษัท เคลฟเวอร์ เซอร์วิส จำกัด,เงินสด  / 3 เดือน ,"6,610.00",จ้างซ่อมรถแบคโฮ ทะเบียน ตค-๖๕ (เลขครุภัณฑ์ ๐๑๘ ๔๒ ๐๐๐๔),ยังไม่คืน,2 ปี นับถัดจากวันที่ส่งมอบงานงวดสุดท้าย,สำนักการช่าง
3/12/2563,CNTR-253/64,บริษัท เคลฟเวอร์ เซอร์วิส จำกัด,เงินสด  / 3 เดือน ,"8,944.00",จ้างซ่อมรถตักหน้าขุดหลัง JCB ทะเบียน ต-๐๓๔๖ (เลขครุภัณฑ์ ๐๑๘ ๓๗ ๐๐๐๒) ,ยังไม่คืน,15/12/2564,สำนักการช่าง
4/12/2563,CNTR-271/64,บริษัท มาร์เก็ตติ้ง ฟอร์เวิร์ด จำกัด,เงินสด  / 3 เดือน ,"20,923.00",จ้างซ่อมตู้บรรทุกขยะ ๒ ตู้เบอร์ ๑๙ (๐๒๘ ๕๔ ๐๐๒๓)และเบอร์ ๒๐ (๐๒๘ ๕๔ ๐๐๒๔),ยังไม่คืน,1 ปี นับถัดจากวันที่ส่งมอบงานงวดสุดท้าย,สำนักการช่าง
4/12/2563,CNTR-272/64,บริษัท มาร์เก็ตติ้ง ฟอร์เวิร์ด จำกัด,เงินสด  / 3 เดือน ,"15,213.00",จ้างซ่อมแซมตู้บรรทุกขยะ เบอร์ ๖ (๐๒๘ ๕๑ ๐๐๑๐) ,ยังไม่คืน,22/3/2564,สำนักการช่าง
7/12/2563,CNTR-280/64,กิจการร่วมค้า เอส.เอ็ม.ซี.,หนังสือค้ำประกันเลขที่ 800353554268 / 2 ปี ,"130,633.00",จ้างก่อสร้างรั้ว คสล. ศูนย์พึ่งพิงสุนัขจรดจัดคลองสิบสอง (งบประมาณรายจ่ายประจำปี 2562),ยังไม่คืน,18/3/2564,สำนักการช่าง
7/12/2563,CNTR-281/64,บริษัท วันชัย 1992 จำกัด,หนังสือค้ำประกันเลขที่ 00019/201036/0010/63 / 2 ปี ,"177,500.00",จ้างก่อสร้างก่อสร้างวางท่อระบายน้ำ คสล.ซอยรังสิต-นครนายก 27 ซอย 3,ยังไม่คืน,1 ปี นับถัดจากวันที่ส่งมอบงานงวดสุดท้าย,สำนักการช่าง
8/12/2563,CNTR-284/64,บริษัท พกฤษ จำกัด,เงินสด  / 2 ปี ,"18,910.00",จ้างเหมาโครงการติดตั้งไฟฟ้าส่องสว่างทางสาธารณะ บริเวณสะพานศาลเจ้าคลองหนึ่ง,ยังไม่คืน,26/12/2564,สำนักการช่าง
9/12/2563,CNTR-291/64,บริษัท พี.เจ.แอนด์ แอล. ก่อสร้าง จำกัด,หนังสือค้ำประกันเลขที่ 100034120506 / 2 ปี ,"1,000,000.00",จ้างก่อสร้างซ่อมแซมสะพานไม้ข้ามคลองบริเวณคลองรังสิตประยูรศักดิ์ (โรงเรียนศิริศึกษา),ยังไม่คืน,1 ปี นับถัดจากวันที่ส่งมอบงานงวดสุดท้าย,สำนักการช่าง
14/12/2563,CNTR-304/64,บริษัท เคลฟเวอร์ เซอร์วิส จำกัด,เงินสด  / 1 ปี ,"4,200.00",ซื้อครุภัณฑ์โรงงาน (ถังเติมน้ำมันเกียร์ จำนวน 2 เครื่อง และ ถังอัดจารบี จำนวน 1 เครื่อง),ยังไม่คืน,29/3/2564,สำนักการช่าง
15/12/2563,CNTR-307/64,บริษัท พกฤษ จำกัด,เงินสด  / 2 ปี ,"22,100.00",จ้างเหมาโครงการติดตั้งไฟฟ้าส่องสว่างทางสาธารณะ บริเวณซอยรังสิต-ปทุมธานี 27 ,ยังไม่คืน,1 ปี นับถัดจากวันที่ส่งมอบงานงวดสุดท้าย,สำนักการช่าง
16/12/2563,CNTR-320/64,บริษัท เฮอร์ริเทจ อินเตอร์เนชั่ลแนล โพร์วายเดอร์ จำกัด,เงินสด  / 1 ปี ,525,จ้างซ่อมเครื่องสูบน้ำ ๕ เครื่อง ,ยังไม่คืน,1 เดือน นับถัดจากวันที่ส่งมอบงานงวดสุดท้าย,สำนักการช่าง
21/12/2563,CNTR-334/64,บริษัท โอลี่ กรุ๊ป จำกัด,หนังสือค้ำประกันเลขที่ 00019/200130/0069/63 / 1 ปี ,"24,900.00",จ้างเหมาซ่อมแซมสะพานเฉลิมพระเกียรติ หน้าหมู่บ้านรัตนโกสินทร์ 200,ยังไม่คืน,30/12/2564,สำนักการช่าง
23/12/2563,CNTR-343/64,บริษัท พกฤษ จำกัด,เงินสด  / 1 ปี ,"22,900.00",ซื้อครุภัณฑ์สนาม (ชุดหลังคาทรงโค้ง และผ้าใบเต็นท์),ยังไม่คืน,15 วัน นับถัดจากวันที่ส่งมอบงานงวดสุดท้าย,สำนักการช่าง
25/12/2563,CNTR-358/64,ห้างหุ้นส่วนจำกัด ผดุง เอ็นจิเนียริ่ง แอนด์ คอนสตรัคชั่น,เงินสด  / 1 เดือน ,"21,172.00",จ้างเหมาปลูกต้นพุทธรักษา พร้อมดูแล บริเวณริมคลองรังสิตประยูรศักดิ์ (ฝั่งใต้) ช่วงสะพานหน้าหมู่บ้านเปรมปรีดิ์ ถึง สะพานหน้าหมู่บ้านธงชัย,ยังไม่คืน,1 ปี นับถัดจากวันที่ส่งมอบงานงวดสุดท้าย,สำนักการช่าง
25/12/2563,CNTR-360/64,ห้างหุ้นส่วนจำกัด ผดุง เอ็นจิเนียริ่ง แอนด์ คอนสตรัคชั่น,เงินสด  / 15 วัน ,"18,750.00",จ้างเหมาลอกลำรางสาธารณะ บริเวณซอยรังสิต-นครนายก 27,ยังไม่คืน,1 ปี นับถัดจากวันที่ส่งมอบงานงวดสุดท้าย,สำนักการช่าง
25/12/2563,CNTR-363/64,ห้างหุ้นส่วนจำกัด ศรีอยุธยา การโยธา,หนังสือค้ำประกันเลขที่ ค.47690315831000 / 2 ปี ,"241,000.00",จ้างก่อสร้างยกระดับผิวจราจร คสล.ซอยรังสิต-นครนายก 24 (ด้านท้ายซอย) ,ยังไม่คืน,3 เดือน นับถัดจากวันที่ส่งมอบงานงวดสุดท้าย,สำนักการช่าง
7/1/2564,CNTR-394/64,บริษัท แพลนนิ่ง แอนด์ รีเสิร์ช คอนซัลแทนต์ จำกัด,หนังสือค้ำประกันเลขที่ 100036058980,"49,500.00",จ้างออกแบบออกแบบการจราจรและการระบายน้ำฯช่วงระหว่างซอยรังสิต-นครนายก 27 ถึง ซอยรังสิต-นครนายก 31,ยังไม่คืน,20/3/2565,สำนักการช่าง
8/1/2564,CNTR-401/64,ห้างหุ้นส่วนจำกัด ปทุมธานีวัสดุภัณฑ์,เงินสด  / 1 ปี ,"18,750.00",ซื้อครุภัณฑ์ไฟฟ้าและวิทยุ (โคมไฟฟ้าสนาม LED ขนาด 400 W จำนวน 50 ชุด) ,ยังไม่คืน,6/4/2565,สำนักการช่าง
8/1/2564,CNTR-402/64,ห้างหุ้นส่วนจำกัด ปทุมธานีวัสดุภัณฑ์,เงินสด  / 1 ปี ,"3,250.00",ซื้อครุภัณฑ์สำนักงาน (เก้าอี้โครงเหล็กบุนวม พร้อมสกรีนหลัง เทศบาลนครรังสิต จำนวน 100 ตัว),ยังไม่คืน,2 ปี นับถัดจากวันที่ส่งมอบงานงวดสุดท้าย,สำนักการช่าง
8/1/2564,CNTR-404/64,ห้างหุ้นส่วนจำกัด  นาคนิกร,เงินสด  / 3 เดือน ,"21,400.00"," จ้างซ่อมรถยนต์และเครื่องสูบน้ำ (๐๕๕ ๕๓ ๐๒๒๔,๘๒-๓๒๕๒,ถข ๑,๘๑-๖๒๙๗,๘๒-๓๒๕๕,บท ๔๕๘๑,บต-๓๘๔๗)",ยังไม่คืน,11/2/2565,สำนักการช่าง
11/1/2564,CNTR-415/64,บริษัท โตโยต้าเภตรา จำกัด,เช็คเลขที่ 17256598 / 1 ปี ,"68,200.00",ซื้อครุภัณฑ์ยานพาหนะและขนส่ง รถโดยสารขนาด 12 ที่นั่ง (ดีเซล) จำนวน 1 คัน (สำนักการช่าง),ยังไม่คืน,14/1/2565,สำนักการช่าง
12/1/2564,CNTR-419/64,บริษัท พกฤษ จำกัด,เงินสด  / 2 ปี ,"23,330.00",จ้างเหมาโครงการติดตั้งระบบสปริงเกอร์รดน้ำต้นไม้ บริเวณเกาะกลางถนน บริเวณซอยพหลโยธิน 127 ,ยังไม่คืน,26/2/2565,สำนักการช่าง
13/1/2564,CNTR-436/64,บริษัท พกฤษ จำกัด,เงินสด  / 2 ปี ,"23,850.00",โครงการปรับปรุงฝาบ่อพัก ซอยรังสิต-ปทุมธานี 24 ช่วงที่ 2 กลางซอย,ยังไม่คืน,3 เดือน นับถัดจากวันที่ส่งมอบงานงวดสุดท้าย,สำนักการช่าง
14/1/2564,CNTR-441/64,บริษัท พกฤษ จำกัด,เงินสด  / 2 ปี ,"7,070.00",จ้างเหมาโครงการติดตั้งตู้ควบคุมไฟสวนสาธารณะ ซอยรังสิต-ปทุมธานี 14 ซอย 11,ยังไม่คืน,1 ปี นับถัดจากวันที่ส่งมอบงานงวดสุดท้าย,สำนักการช่าง
15/1/2564,CNTR-454/64,บริษัท พัชรี เฮฟวี่ แมชชีนเนอรี่ จำกัด,หนังสือค้ำประกันเลขที่ 02256211000001 / 1 ปี ,"169,950.00",ซื้อครุภัณฑ์ก่อสร้าง (จัดซื้อรถตักหน้าขุดหลัง แบบขับเคลื่อนสี่ล้อ จำนวน 1 คัน) ,ยังไม่คืน,3 เดือน นับถัดจากวันที่ส่งมอบงานงวดสุดท้าย,สำนักการช่าง
15/1/2564,CNTR-455/64,บริษัท เคลฟเวอร์ เซอร์วิส จำกัด,เงินสด  / 3 เดือน ,"6,265.00",จ้างซ่อมรถดูดสิ่งปฏิกูล ทะเบียน 82-0775,ยังไม่คืน,3/2/2566,สำนักการช่าง
15/1/2564,CNTR-457/64,บริษัท พกฤษ จำกัด,เงินสด  / 2 ปี ,"18,600.00",จ้างเหมาโครงการติดตั้งตู้ควบคุมการเปิด-ปิดไฟทางอัตโนมัติ บริเวณชุมชนในเขตเทศบาลนครรังสิต (จำนวน 16 จุด),ยังไม่คืน,1 ปี นับถัดจากวันที่ส่งมอบงานงวดสุดท้าย,สำนักการช่าง
15/1/2564,CNTR-460/64,บริษัท พกฤษ จำกัด,เงินสด  / 2 ปี ,"23,900.00",จ้างเหมาโครงการปรับปรุงฝาบ่อพัก ซอยรังสิต-นครนายก 12 ช่วงกลางซอย ,ยังไม่คืน,19/2/2565,สำนักการช่าง
18/1/2564,CNTR-467/64,บริษัท ดับบลิวอีสิบเก้าเอ็นจิเนียริ่ง จำกัด,หนังสือค้ำประกันเลขที่ 100036170977 / 2 ปี ,"188,500.00",จ้างก่อสร้างถนน คสล.พร้อมวางท่อระบายน้ำ คสล.ซอยรังสิต-ปทุมธานี 10 ซอย 12 ,ยังไม่คืน,10/2/2565,สำนักการช่าง
18/1/2564,CNTR-473/64,บริษัท พกฤษ จำกัด,เงินสด  / 2 ปี ,"22,700.00",จ้างเหมาโครงการปรับปรุงฝาบ่อพัก ซอยรังสิต-นครนายก 67,ยังไม่คืน,3 เดือน นับถัดจากวันที่ส่งมอบงานงวดสุดท้าย,สำนักการช่าง
19/1/2564,CNTR-477/64,บริษัท แสงชัย ไลท์ติ้ง จำกัด,เงินสด  / 1 ปี ,"67,500.00",ซื้อครุภัณฑ์ไฟฟ้าและวิทยุ (โคมไฟฟ้าถนน),ยังไม่คืน,1 ปี นับถัดจากวันที่ส่งมอบงานงวดสุดท้าย,สำนักการช่าง
20/1/2564,CNTR-483/64,บริษัท พกฤษ จำกัด,เงินสด  / 2 ปี ,"22,500.00",จ้างเหมาโครงการปรับปรุงฝาบ่อพัก ซอยรังสิต-นครนายก 26,ยังไม่คืน,26/2/2565,สำนักการช่าง
20/1/2564,CNTR-498/64,บริษัท วันชัย 1992 จำกัด,หนังสือค้ำประกันเลขที่ 00019/201036/0003/64 / 2 ปี ,"280,000.00",จ้างก่อสร้างก่อสร้างขยายผิวจราจรบริเวณปากซอยรังสิต-นครนายก 31 ,ยังไม่คืน,2/2/2565,สำนักการช่าง
22/1/2564,CNTR-508/64,บริษัท พกฤษ จำกัด,เงินสด  / 2 ปี ,"22,500.00",จ้างเหมาโครงการปรับปรุงฝาบ่อพัก ซอยรังสิต-ปทุมธานี 17 (ช่วง 2),ยังไม่คืน,30/4/2564,สำนักการช่าง
26/1/2564,CNTR-527/64,ห้างหุ้นส่วนจำกัด  นาคนิกร,เงินสด  / 3 เดือน ,"12,500.00",จ้างซ่อมรถ ๒ คัน (ทะเบียน ๘๑-๗๒๘๑ และ บฉ-๖๙๔๐),ยังไม่คืน,12/2/2565,สำนักการช่าง
27/1/2564,CNTR-533/64,บริษัท ส.สิงห์อยู่ สปอร์ต จำกัด,เงินสด  / 1 ปี ,"24,980.00",ซื้อครุภัณฑ์กีฬา (เครื่องออกกำลังกายกลางแจ้งสแตนเลส พร้อมติดตั้ง) ,ยังไม่คืน,19/3/2565,สำนักการช่าง
28/1/2564,CNTR-539/64,บริษัท น่ำเฮงพรชัย จำกัด,เงินสด  / 1 ปี ,"9,630.00",ซื้อครุภัณฑ์โรงงาน (เครื่องผสมปุ๋ยแบบแนวนอนติดมอเตอร์10แรง) สำนักการช่าง,ยังไม่คืน,3 เดือน นับถัดจากวันที่ส่งมอบงานงวดสุดท้าย,สำนักการช่าง
28/1/2564,CNTR-542/64,บริษัท เก้า-ห้า โปร จำกัด,เงินสด  / 1 ปี ,"2,600.00","ซื้อครุภัณฑ์สำนักงาน (ถังน้ำพลาสติก ขนาด 3,000 ลิตร จำนวน 4 ใบ)",ยังไม่คืน,3 เดือน นับถัดจากวันที่ส่งมอบงานงวดสุดท้าย,สำนักการช่าง
29/1/2564,CNTR-547/64,บริษัท เรเซอร์การไฟฟ้า (ประเทศไทย) จำกัด,หนังสือค้ำประกันเลขที่ ค.47690320409000 / 1 ปี ,"24,075.00",ซื้อครุภัณฑ์ไฟฟ้าและวิทยุ (โคมไฟฟ้าถนน LED),ยังไม่คืน,26/3/2565,สำนักการช่าง
29/1/2564,CNTR-551/64,บริษัท นาราธร 14 คอร์ปอเรชั่น จำกัด,เงินสด ,"11,250.00",ออกแบบสวนสาธารณะชุมชนวรุณพร,ยังไม่คืน,3 เดือน นับถัดจากวันที่ส่งมอบงานงวดสุดท้าย,สำนักการช่าง
1/2/2564,CNTR-565/64,บริษัท บราโว คิดส์ จำกัด,หนังสือค้ำประกันเลขที่ 233821000055 / 1 ปี ,"24,750.00",ซื้อเครื่องเล่นสนามกลางแจ้ง,ยังไม่คืน,3 เดือน นับถัดจากวันที่ส่งมอบงานงวดสุดท้าย,สำนักการช่าง
2/2/2564,CNTR-582/64,บริษัท พกฤษ จำกัด,เงินสด  / 3 เดือน ,"5,300.00",จ้างก่อสร้างก่อสร้างถนนผิวจราจรแอสฟัลท์ติกคอนกรีตถนนเลียบคลองรังสิตประยูรศักดิ์ ช่วงระหว่างถนนพหลโยธิน ถึง ซอยรังสิต-นครนายก 2 ,ยังไม่คืน,19/2/2565,สำนักการช่าง
2/2/2564,CNTR-583/64,บริษัท พกฤษ จำกัด,เงินสด  / 3 เดือน ,"21,400.00", จ้างเหมาซ่อมแซมเครื่องออกกำลังกาย ภายในเขตเทศบาลนครรังสิต,ยังไม่คืน,2 ปี นับถัดจากวันที่ส่งมอบงานงวดสุดท้าย,สำนักการช่าง
3/2/2564,CNTR-592/64,บริษัท เคลฟเวอร์ เซอร์วิส จำกัด,เงินสด  / 3 เดือน ,"19,784.00","จ้างซ่อมรถ ๓ คันทะเบียน บ-๓๘๓๐, ตค-๖๕ และ ตค-๑๔๕",ยังไม่คืน,3 เดือน นับถัดจากวันที่ส่งมอบงานงวดสุดท้าย,สำนักการช่าง
3/2/2564,CNTR-593/64,บริษัท เคลฟเวอร์ เซอร์วิส จำกัด,เงินสด  / 3 เดือน ,"6,530.00",จ้างซ่อมรถยนต์ ๒ คันทะเบียน ตค-๒ (๐๑๙ ๔๐ ๐๐๐๓) และทะเบียน ตค-๑๒๗ (๐๑๘ ๔๖ ๐๐๕) ,ยังไม่คืน,3 เดือน นับถัดจากวันที่ส่งมอบงานงวดสุดท้าย,สำนักการช่าง
3/2/2564,CNTR-594/64,บริษัท เคลฟเวอร์ เซอร์วิส จำกัด,เงินสด  / 3 เดือน ,"18,846.00", จ้างซ่อมรถแมคโคร ทะเบียน ต-๐๓๔๕ (เลขครุภัณฑ์ ๐๑๙ ๓๗ ๐๐๐๑),ยังไม่คืน,2 ปี นับถัดจากวันที่ส่งมอบงานงวดสุดท้าย,สำนักการช่าง
3/2/2564,CNTR-595/64,บริษัท เคลฟเวอร์ เซอร์วิส จำกัด,เงินสด  / 3 เดือน ,"6,802.00",จ้างซ่อมแซมรถแบคโฮ ทะเบียน ตค-๖๕ (เลขครุภัณฑ์ ๐๑๘ ๔๒ ๐๐๐๔),ยังไม่คืน,3 เดือน นับถัดจากวันที่ส่งมอบงานงวดสุดท้าย,สำนักการช่าง
3/2/2564,CNTR-597/64,ห้างหุ้นส่วนจำกัด  นาคนิกร,เงินสด  / 3 เดือน ,"7,100.00", จ้างซ่อมรถบรรทุก ๑๐ ล้อ ทะเบียน ๘๑-๖๘๒๓ (เลขครุภัณฑ์ ๐๑๓ ๔๔ ๐๐๐๘) ,ยังไม่คืน,2 ปี นับถัดจากวันที่ส่งมอบงานงวดสุดท้าย,สำนักการช่าง
4/2/2564,CNTR-607/64,ห้างหุ้นส่วนจำกัด ผดุง เอ็นจิเนียริ่ง แอนด์ คอนสตรัคชั่น,เงินสด  / 2 ปี ,"16,830.00",จ้างเหมาโครงการปรับปรุงประตูระบายน้ำ บริเวณหน้าหมู่บ้านชวนชื่น ,ยังไม่คืน,2 ปี นับถัดจากวันที่ส่งมอบงานงวดสุดท้าย,สำนักการช่าง
4/2/2564,CNTR-608/64,บริษัท พรวิเศษ วิศว์ จำกัด,เงินสด ,"17,500.00",จ้างออกแบบออกแบบปรับปรุงสะพานคอนกรีตเสริมเหล็ก ข้ามคลองรังสิตประยูรศักดิ์ (บริเวณทางเข้าหมู่บ้านชมฟ้า-วรางกูล) ,ยังไม่คืน,3 เดือน นับถัดจากวันที่ส่งมอบงานงวดสุดท้าย,สำนักการช่าง
5/2/2564,CNTR-610/64,บริษัท พกฤษ จำกัด,เงินสด  / 2 ปี ,"22,900.00",จ้างเหมาโครงการปรับปรุงฝาบ่อพัก บริเวณซอยรังสิต-นครนายก 33 ซอย 1,ยังไม่คืน,3 เดือน นับถัดจากวันที่ส่งมอบงานงวดสุดท้าย,สำนักการช่าง
5/2/2564,CNTR-611/64,บริษัท มาร์เก็ตติ้ง ฟอร์เวิร์ด จำกัด,เงินสด  / 3 เดือน ,"8,152.00",จ้างซ่อมรถแมคโคร ทะเบียน ตค-๕๐ เลขครุภัณฑ์ ๐๑๘ ๔๑ ๐๐๐๓ ,ยังไม่คืน,2 ปี นับถัดจากวันที่ส่งมอบงานงวดสุดท้าย,สำนักการช่าง
8/2/2564,CNTR-617/64,ห้างหุ้นส่วนจำกัด  นาคนิกร,เงินสด  / 3 เดือน ,"6,140.00",จ้างซ่อมรถดูดสิ่งปฏิกูล ทะเบียน 82-0775 ,ยังไม่คืน,1 ปี นับถัดจากวันที่ส่งมอบงานงวดสุดท้าย,สำนักการช่าง
8/2/2564,CNTR-618/64,ห้างหุ้นส่วนจำกัด สหผลวัฒนาโยธาการ,หนังสือค้ำประกันเลขที่ ค.47690321401000 / 2 ปี ,"24,750.00",จ้างเหมาโครงการปรับปรุงผิวจราจรบริเวณถนนซอยรังสิต-นครนายก 2 (ช่วงตั้งแต่ปากซอยถึงท้ายซอยข้างวัดคลองหนึ่ง),ยังไม่คืน,2 ปี นับถัดจากวันที่ส่งมอบงานงวดสุดท้าย,สำนักการช่าง
8/2/2564,CNTR-621/64,ห้างหุ้นส่วนจำกัด สหผลวัฒนาโยธาการ,หนังสือค้ำประกันเลขที่ ค.47690321399000 / 2 ปี ,"17,650.00",จ้างเหมาโครงการปรับปรุงระบบจราจรบริเวณถนนซอยรังสิต-นครนายก 56 (ซอยวัดจันทรสุข) ,ยังไม่คืน,3 เดือน นับถัดจากวันที่ส่งมอบงานงวดสุดท้าย,สำนักการช่าง
8/2/2564,CNTR-623/64,ห้างหุ้นส่วนจำกัด  นาคนิกร,เงินสด  / 3 เดือน ,"10,620.00", จ้างซ่อมรถยนต์ จำนวน ๒ คัน ทะเบียน ตค-๑๓๔ และทะเบียน ๘๑-๗๒๘๑ ,ยังไม่คืน,3 เดือน นับถัดจากวันที่ส่งมอบงานงวดสุดท้าย,สำนักการช่าง
10/2/2564,CNTR-638/64,บริษัท มาร์เก็ตติ้ง ฟอร์เวิร์ด จำกัด,เงินสด  / 3 เดือน ,"10,484.00",จ้างซ่อมแซมตู้บรรทุกขยะ เบอร์๘ (๐๒๘ ๕๑ ๐๐๑๒),ยังไม่คืน,3 เดือน นับถัดจากวันที่ส่งมอบงานงวดสุดท้าย,สำนักการช่าง
10/2/2564,CNTR-639/64,บริษัท มาร์เก็ตติ้ง ฟอร์เวิร์ด จำกัด,เงินสด  / 3 เดือน ,"18,434.00",จ้างซ่อมแซมตู้บรรทุกขยะเบอร์ ๑๓ (๐๒๘ ๕๔ ๐๐๑๗),ยังไม่คืน,3 เดือน นับถัดจากวันที่ส่งมอบงานงวดสุดท้าย,สำนักการช่าง
11/2/2564,CNTR-641/64,บริษัท พกฤษ จำกัด,เงินสด  / 2 ปี ,"23,800.00",จ้างเหมาโครงการปรับปรุงฝาบ่อพัก ซอยรังสิต-นครนายก 67 ช่วงที่ 1,ยังไม่คืน,2 ปี นับถัดจากวันที่ส่งมอบงานงวดสุดท้าย,สำนักการช่าง
11/2/2564,CNTR-645/64,บริษัท ดับบลิวอีสิบเก้าเอ็นจิเนียริ่ง จำกัด,หนังสือค้ำประกันเลขที่ 100036671666 / 2 ปี ,"87,850.00",จ้างก่อสร้างถนน คสล.พร้อมวางท่อระบายน้ำ คสล.ซอยรังสิต-ปทุมธานี 11 (ต่อจากโครงการเดิม) ,ยังไม่คืน,3 เดือน นับถัดจากวันที่ส่งมอบงานงวดสุดท้าย,สำนักการช่าง
15/2/2564,CNTR-649/64,ห้างหุ้นส่วนจำกัด  นาคนิกร,เงินสด  / 3 เดือน ,"8,500.00",จ้างซ่อมรถขยะคอนเทนเนอร์ ๖ ล้อ ทะเบียน บ-๓๘๓๐,ยังไม่คืน,3 เดือน นับถัดจากวันที่ส่งมอบงานงวดสุดท้าย,สำนักการช่าง
16/2/2564,CNTR-659/64,บริษัท พกฤษ จำกัด,เงินสด  / 2 ปี ,"23,900.00", จ้างเหมาโครงการปรับปรุงฝาบ่อ ซอยรังสิต-นครนายก 4 ช่วงที่ 2 กลางซอย ,ยังไม่คืน,3 เดือน นับถัดจากวันที่ส่งมอบงานงวดสุดท้าย,สำนักการช่าง
16/2/2564,CNTR-661/64,บริษัท เคลฟเวอร์ เซอร์วิส จำกัด,เงินสด  / 3 เดือน ,"7,500.00",จ้างซ่อมแซมรถดูดโคลนเลน ทะเบียน ๘๓-๑๓๐๖ (เลขครุภัณฑ์ ๐๓๕ ๐๙ ๐๐๐๓),ยังไม่คืน,3 เดือน นับถัดจากวันที่ส่งมอบงานงวดสุดท้าย,สำนักการช่าง
16/2/2564,CNTR-662/64,บริษัท เคลฟเวอร์ เซอร์วิส จำกัด,เงินสด  / 3 เดือน ,"12,500.00",จ้างซ่อมรถขยะคอนเทนเนอร์ ๖ ล้อ ทะเบียน บง-๖๕๓๘,ยังไม่คืน,2 ปี นับถัดจากวันที่ส่งมอบงานงวดสุดท้าย,สำนักการช่าง
16/2/2564,CNTR-663/64,บริษัท เคลฟเวอร์ เซอร์วิส จำกัด,เงินสด  / 3 เดือน ,"13,598.00",จ้างซ่อมรถขุดตักหน้าขุดหลัง ทะเบียน ต-๐๓๔๖ (เลขครุภัณฑ์ ๐๑๘ ๓๗ ๐๐๐๒) ,ยังไม่คืน,26/3/2565,สำนักการช่าง
17/2/2564,CNTR-670/64,บริษัท เคลฟเวอร์ เซอร์วิส จำกัด,เงินสด  / 3 เดือน ,"12,075.00",จ้างซ่อมรถกวาดดูดฝุ่น ทะเบียน 82-2974 ,ยังไม่คืน,20/4/2565,สำนักการช่าง
17/2/2564,CNTR-673/64,บริษัท อ.นวรัตน์ จำกัด,เงินสด  / 1 ปี ,"3,328.00",ซื้อครุภัณฑ์การเกษตร (มอเตอร์ไฟฟ้า) จำนวน ๒ ตัว,ยังไม่คืน,3 เดือน นับถัดจากวันที่ส่งมอบงานงวดสุดท้าย,สำนักการช่าง
18/2/2564,CNTR-680/64,บริษัท พกฤษ จำกัด,เงินสด  / 2 ปี ,"24,950.00",จ้างเหมาโครงการปรับปรุงฝาบ่อพัก ซอยรังสิต-นครนายก 33 ซอย 3 (ใน),ยังไม่คืน,1 ปี นับถัดจากวันที่ส่งมอบงานงวดสุดท้าย,สำนักการช่าง
19/2/2564,CNTR-692/64,บริษัท พกฤษ จำกัด,เงินสด  / 2 ปี ,"12,600.00",จ้างเหมาโครงการติดตั้งไฟฟ้าส่องสว่างทางสาธารณะ บริเวณสะพานข้างโรงงานกรีนสปอร์ต,ยังไม่คืน,3 เดือน นับถัดจากวันที่ส่งมอบงานงวดสุดท้าย,สำนักการช่าง
19/2/2564,CNTR-693/64,ห้างหุ้นส่วนจำกัด แอคคิวเรท พลัส,เงินสด  / 1 ปี ,290,ซื้อครุภัณฑ์ (เครื่องวัดอุณหภูมิร่างกายแบบไม่สัมผัสระบบอินฟาเรดพร้อมขาตั้ง) ตามโครงการป้องกันการแพร่ระบาดเชื้อไวรัสโคโรน่า2019 จำนวน 2 เครื่อง,ยังไม่คืน,3 เดือน นับถัดจากวันที่ส่งมอบงานงวดสุดท้าย,สำนักการช่าง
19/2/2564,CNTR-696/64,ห้างหุ้นส่วนจำกัดมาอิ่มรวย2555,เงินสด  / 1 ปี ,"9,650.00",ซื้อครุภัณฑ์สำนักงาน (พัดลมตั้งพื้น ขนาด 26 นิ้ว และ พัดลมไอน้ำ ขนาด 24 นิ้ว),ยังไม่คืน,3 เดือน นับถัดจากวันที่ส่งมอบงานงวดสุดท้าย,สำนักการช่าง
22/2/2564,CNTR-699/64,บริษัท พกฤษ จำกัด,เงินสด  / 2 ปี ,"23,450.00",จ้างเหมาโครงการปรับปรุงฝาบ่อพัก ซอยรังสิต-ปทุมธานี ๙,ยังไม่คืน,3 เดือน นับถัดจากวันที่ส่งมอบงานงวดสุดท้าย,สำนักการช่าง
23/2/2564,CNTR-701/64,บริษัท เคลฟเวอร์ เซอร์วิส จำกัด,เงินสด  / 3 เดือน ,"5,431.00",จ้างซ่อมแซมรถตักล้อยาง ทะเบียน ต-๐๓๐๓ (เลขครุภัณฑ์ ๐๑๘ ๓๔ ๐๐๐๑),ยังไม่คืน,9/3/2565,สำนักการช่าง
23/2/2564,CNTR-702/64,บริษัท เคลฟเวอร์ เซอร์วิส จำกัด,เงินสด  / 3 เดือน ,"13,252.00",จ้างซ่อมรถขยะคอนเทนเนอร์ ๖ ล้อ ทะเบียน บง-๖๕๓๙,ยังไม่คืน,3 เดือน นับถัดจากวันที่ส่งมอบงานงวดสุดท้าย,สำนักการช่าง
23/2/2564,CNTR-703/64,บริษัท เคลฟเวอร์ เซอร์วิส จำกัด,เงินสด  / 3 เดือน ,"8,280.00",จ้างซ่อมรถแมคโคร ทะเบียน ต-๐๓๔๘ (หมายเลขครุภัณฑ์ ๐๑๙ ๓๗ ๐๐๐๒) ,ยังไม่คืน,3 เดือน นับถัดจากวันที่ส่งมอบงานงวดสุดท้าย,สำนักการช่าง
23/2/2564,CNTR-704/64,บริษัท เคลฟเวอร์ เซอร์วิส จำกัด,เงินสด  / 3 เดือน ,"15,800.00",จ้างซ่อมรถบรรทุกซานต่ำ ทะเบียน ๘๒-๓๒๕๕ เลขครุภัณฑ์ ๐๐๒ ๕๐ ๐๐๐๘,ยังไม่คืน,3 เดือน นับถัดจากวันที่ส่งมอบงานงวดสุดท้าย,สำนักการช่าง
24/2/2564,CNTR-711/64,ห้างหุ้นส่วนจำกัด  นาคนิกร,เงินสด  / 3 เดือน ,"5,040.00",จ้างซ่อมรถบรรทุกขยะอัดท้าย ทะเบียน 82-4563 ,ยังไม่คืน,3 เดือน นับถัดจากวันที่ส่งมอบงานงวดสุดท้าย,สำนักการช่าง
24/2/2564,CNTR-714/64,ห้างหุ้นส่วนจำกัด  นาคนิกร,เงินสด  / 3 เดือน ,"6,600.00",จ้างซ่อมรถบรรทุกขยะอัดท้าย ทะเบียน 82-2961,ยังไม่คืน,3 เดือน นับถัดจากวันที่ส่งมอบงานงวดสุดท้าย,สำนักการช่าง
1/3/2564,CNTR-724/64,ห้างหุ้นส่วนจำกัด  นาคนิกร,เงินสด  / 3 เดือน ,"15,000.00",จ้างซ่อมรถบรรทุก ๑๐ ล้อ ทะเบียน ๘๑-๖๘๒๑ (ครุภัณฑ์ ๐๑๓ ๔๔ ๐๐๐๙),ยังไม่คืน,2 ปี นับถัดจากวันที่ส่งมอบงานงวดสุดท้าย,สำนักการช่าง
2/3/2564,CNTR-735/64,ห้างหุ้นส่วนจำกัด  นาคนิกร,เงินสด  / 3 เดือน ,"5,350.00",จ้างซ่อมรถแบคโฮ ทะเบียน ตค-๒๑๗ (เลขครุภัณฑ์ ๐๑๘ ๕๑ ๐๐๐๘) ,ยังไม่คืน,2 ปี นับถัดจากวันที่ส่งมอบงานงวดสุดท้าย,สำนักการช่าง
2/3/2564,CNTR-736/64,ห้างหุ้นส่วนจำกัด  นาคนิกร,เงินสด  / 3 เดือน ,"11,010.00",จ้างซ่อมรถบรรทุก ๑๐ ล้อ ทะเบียน ๘๑-๕๔๐๕ (๐๑๓ ๔๒ ๐๐๐๑) ,ยังไม่คืน,2 ปี นับถัดจากวันที่ส่งมอบงานงวดสุดท้าย,สำนักการช่าง
2/3/2564,CNTR-737/64,ห้างหุ้นส่วนจำกัด  นาคนิกร,เงินสด  / 3 เดือน ,"8,070.00",จ้างซ่อมรถบรรทุก ๑๐ ล้อทะเบียน ๘๑-๕๔๐๖ (เลขครุภัณฑ์ ๐๑๓ ๔๒ ๐๐๐๒),ยังไม่คืน,11/3/2565,สำนักการช่าง
2/3/2564,CNTR-738/64,ห้างหุ้นส่วนจำกัด  นาคนิกร,เงินสด  / 3 เดือน ,"18,350.00",จ้างซ่อมรถ ๒ คันทะเบียน บง-๖๕๓๙ และทะเบียน บ-๓๘๓๐,ยังไม่คืน,30/3/2565,สำนักการช่าง
3/3/2564,CNTR-743/64,บริษัท เคลฟเวอร์ เซอร์วิส จำกัด,เงินสด  / 3 เดือน ,"5,650.00",จ้างซ่อมรถบรรทุก ๑๐ ล้อ ทะเบียน น-๔๓๔๐,ยังไม่คืน,30/3/2565,สำนักการช่าง
4/3/2564,CNTR-745/64,บริษัท พกฤษ จำกัด,เงินสด  / 2 ปี ,"24,300.00",จ้างเหมาโครงการติดตั้งไฟฟ้าส่องสว่างทางสาธารณะ บริเวณซอยรังสิต-นครนายก 67 ช่วงท้ายซอย ,ยังไม่คืน,11/3/2565,สำนักการช่าง
4/3/2564,CNTR-746/64,บริษัท มาร์เก็ตติ้ง ฟอร์เวิร์ด จำกัด,เงินสด  / 3 เดือน ,"9,300.00", จ้างซ่อมรถแมคโคร ทะเบยน ตค-๑๒๗ เลขครุภัณฑ์ ๐๑๘ ๔๖ ๐๐๐๕ ,ยังไม่คืน,12/3/2565,สำนักการช่าง
4/3/2564,CNTR-747/64,ห้างหุ้นส่วนจำกัด นวภูมิ การโยธา,หนังสือค้ำประกันเลขที่ 02073211000042 / 2 ปี ,"417,500.00",จ้างก่อสร้างถนน คสล.พร้อมวางท่อระบายน้ำ คสล.ซอยรังสิต-นครนายก 56 (ช่วงที่ 1) ,ยังไม่คืน,1 ปี นับถัดจากวันที่ส่งมอบงานงวดสุดท้าย,สำนักการช่าง
4/3/2564,CNTR-750/64,ห้างหุ้นส่วนจำกัด นวภูมิ การโยธา,หนังสือค้ำประกันเลขที่ 02073211000041 / 2 ปี ,"212,000.00",จ้างก่อสร้างถนน คสล.พร้อมวางท่อระบายน้ำ ซอยรังสิต-นครนายก 27 ซอย 4 (สหกรณ์รัตนปทุม),ยังไม่คืน,3 เดือน นับถัดจากวันที่ส่งมอบงานงวดสุดท้าย,สำนักการช่าง
5/3/2564,CNTR-754/64,บริษัท อ.นวรัตน์ จำกัด,เงินสด  / 1 ปี ,"2,600.00",ซื้อครุภัณฑ์ไฟฟ้าและวิทยุ (เครื่องกำเนิดไฟฟ้า) ,ยังไม่คืน,3 เดือน นับถัดจากวันที่ส่งมอบงานงวดสุดท้าย,สำนักการช่าง
5/3/2564,CNTR-756/64,บริษัท อ.นวรัตน์ จำกัด,เงินสด  / 1 ปี ,"2,375.00",ซื้อครุภัณฑ์งานบ้านงานครัว (จัดซื้อเครื่องตัดหญ้าจำนวน 5 เครื่อง) ,ยังไม่คืน,3 เดือน นับถัดจากวันที่ส่งมอบงานงวดสุดท้าย,สำนักการช่าง
5/3/2564,CNTR-757/64,บริษัท อ.นวรัตน์ จำกัด,เงินสด  / 1 ปี ,"2,885.00", ซื้อครุภัณฑ์งานบ้านงานครัว(เครื่องตัดแต่งพุ่มไม้ ขนาด ๒๒ นิ้ว ๑ เครื่องและเครื่องตัดหญ้าแบบข้อแข็ง ๕ เครื่อง),ยังไม่คืน,3 เดือน นับถัดจากวันที่ส่งมอบงานงวดสุดท้าย,สำนักการช่าง
8/3/2564,CNTR-763/64,บริษัท เคลฟเวอร์ เซอร์วิส จำกัด,เงินสด  / 3 เดือน ,"20,486.00",จ้างซ่อมรถ ๒ คันทะเบียน บง-๒๓๑๒ และทะเบียน ต-๐๓๔๘,ยังไม่คืน,2 ปี นับถัดจากวันที่ส่งมอบงานงวดสุดท้าย,สำนักการช่าง
9/3/2564,CNTR-769/64,ห้างหุ้นส่วนจำกัด  นาคนิกร,เงินสด  / 3 เดือน ,"6,880.00",จ้างซ่อมรถบรรทุกขยะอัดท้าย ทะเบียน 82-4722,ยังไม่คืน,24/4/2564,สำนักการช่าง
9/3/2564,CNTR-771/64,บริษัท มาร์เก็ตติ้ง ฟอร์เวิร์ด จำกัด,เงินสด  / 3 เดือน ,"15,000.00",จ้างซ่อมแซมตู้บรรทุกขยะ เบอร์ ๑๖ (๐๒๘ ๕๔ ๐๐๒๐),ยังไม่คืน,31/3/2565,สำนักการช่าง
15/3/2564,CNTR-793/64,บริษัท ท็อปเบสท์ มอเตอร์ เซลส์ จำกัด,หนังสือค้ำประกันเลขที่ ค.47690324220000 / 1 ปี ,"93,500.00",ซื้อครุภัณฑ์ยานพาหนะและขนส่ง (รถบรรทุกมูลฝอยแบบอัดท้าย (ดีเซล) ขนาด ๖ ตัน ๖ ล้อ),ยังไม่คืน,1 ปี นับถัดจากวันที่ส่งมอบงานงวดสุดท้าย,สำนักการช่าง
16/3/2564,CNTR-798/64,บริษัท พกฤษ จำกัด,เงินสด  / 2 ปี ,"14,800.00",จ้างเหมาโครงการติดตั้งไฟฟ้าส่องสว่างทางสาธารณะ บริเวณสะพานหน้าซอยรังสิต-นครนายก 46 ,ยังไม่คืน,1 ปี นับถัดจากวันที่ส่งมอบงานงวดสุดท้าย,สำนักการช่าง
16/3/2564,CNTR-800/64,ห้างหุ้นส่วนจำกัด เดชปภัช คอนสตรัคชั่น,เช็คเลขที่ 16512241 / 2 ปี ,"186,000.00",จ้างก่อสร้างถนน คสล.ซอยรังสิต-ปทุมธานี 15 (ซอยแสงรัตน์) ,ยังไม่คืน,2 ปี นับถัดจากวันที่ส่งมอบงานงวดสุดท้าย,สำนักการช่าง
22/3/2564,CNTR-818/64,บริษัท พกฤษ จำกัด,เงินสด  / 2 ปี ,"15,400.00",จ้างเหมาโครงการติดตั้งไฟฟ้าส่องสว่างบริเวณฟุตบาทริมคลองรังสิตประยูรศักดิ์และบริเวณป้ายรถประจำทางสะพานฟ้า ,ยังไม่คืน,2 ปี นับถัดจากวันที่ส่งมอบงานงวดสุดท้าย,สำนักการช่าง
25/3/2564,CNTR-848/64,บริษัท เอ็นจินีโอ จำกัด,เงินสด  / 2 ปี ,"24,800.00",จ้างเหมาโครงการปรับปรุงระบบไฟฟ้าสปริงเกอร์รดน้ำต้นไม้โดยใช้พลังงานทดแทน บริเวณสวนเกาะกลางถนนเลียบคลองรังสิตประยูรศักดิ์ ช่วงระหว่างสะพานแก้วถึงโรงเรียนชุมชนประชาธิปัตย์ (ช่วง 1),ยังไม่คืน,3 เดือน นับถัดจากวันที่ส่งมอบงานงวดสุดท้าย,สำนักการช่าง
30/3/2564,CNTR-862/64,บริษัท วิรุฬห์ แอนด์ เกวนเนส จำกัด,หนังสือค้ำประกันเลขที่ 100038159954 / 2 ปี ,"125,000.00",จ้างติดตั้งเครื่องสูบน้ำสถานีสูบน้ำ เมน 1 หมู่บ้านรัตนโกสินทร์ 200 ,ยังไม่คืน,1 ปี นับถัดจากวันที่ส่งมอบงานงวดสุดท้าย,สำนักการช่าง
31/3/2564,CNTR-799/64,บริษัท วิรุฬห์ แอนด์ เกวนเนส จำกัด,หนังสือค้ำประกันเลขที่ 100037651685 / 2 ปี ,"99,000.00",จ้างก่อสร้างบ่อระบบสูบน้ำโรงเรียนนครรังสิต เทพธัญญะอุปถัมภ์ พร้อมระบบสูบน้ำอัตโนมัติ ,ยังไม่คืน,1 ปี นับถัดจากวันที่ส่งมอบงานงวดสุดท้าย,สำนักการช่าง
7/4/2564,CNTR-895/64,บริษัท จุไลยะจักร คอนโซลิเดต จำกัด,หนังสือค้ำประกันเลขที่ 100038363306 / 2 ปี ,"181,900.00",จ้างก่อสร้างถนน คสล.พร้อมวางท่อระบายน้ำ HDPE ซอยพหลโยธิน 87 ซอย 10 แยก 6,ยังไม่คืน,1 ปี นับถัดจากวันที่ส่งมอบงานงวดสุดท้าย,สำนักการช่าง
7/4/2564,CNTR-0896/64,บริษัท วันชัย 1992 จำกัด,หนังสือค้ำประกันเลขที่ 00019/201036/0001/64 / 2 ปี ,"305,000.00",จ้างก่อสร้างถนนคอนกรีตเสริมเหล็ก รหัสทางหลวงท้องถิ่น ปท ถ.6-0047 สายซอยรังสิต - นครนายก 12 (ด้านท้ายซอย),ยังไม่คืน,2 ปี นับถัดจากวันที่ส่งมอบงานงวดสุดท้าย,สำนักการช่าง
26/4/2564,CNTR-926/64,บริษัท ไฮไลท์ อิเล็กทรอนิกส์ จำกัด,หนังสือค้ำประกันเลขที่ 100038727243 / 2 ปี ,"48,300.00",จ้างก่อสร้างติดตั้งไฟฟ้าส่องสว่างทางสาธารณะ ถนนซอยรังสิต-นครนายก 29 ซอย 1,ยังไม่คืน,3 เดือน นับถัดจากวันที่ส่งมอบงานงวดสุดท้าย,สำนักการช่าง
27/4/2564,CNTR-934/64,บริษัท พรประเสริฐ การโยธา จำกัด,หนังสือค้ำประกันเลขที่ 02237211000224 / 2 ปี ,"102,800.00",จ้างก่อสร้างก่อสร้างถนน คสล.ซอยพหลโยธิน 87 แยก 6 (ทางเข้าโรงเรียนสายปัญญา),ยังไม่คืน,3 เดือน นับถัดจากวันที่ส่งมอบงานงวดสุดท้าย,สำนักการช่าง
25/5/2564,CNTR-0978/64,บริษัท วันชัย 1992 จำกัด,หนังสือค้ำประกันเลขที่ 00019/201036/0002/64 / 2 ปี ,"350,000.00",จ้างก่อสร้างถนนคอนกรีตเสริมเหล็ก รหัสทางหลวงท้องถิ่น ปท.ถ.6-0038 สายซอยรังสิต- นครนายก 57 (ด้านท้ายซอย) ชุมชนเจ้าจอม,ยังไม่คืน,2 ปี นับถัดจากวันที่ส่งมอบงานงวดสุดท้าย,สำนักการช่าง
27/5/2564,CNTR-981/64,บริษัท เคลฟเวอร์ เซอร์วิส จำกัด,เงินสด  / 3 เดือน ,"19,905.00",จ้างซ่อมรถแบคโฮ ทะเบียน ตค-๒๑๗ (๐๑๘ ๕๑ ๐๐๐๘),ยังไม่คืน,3 เดือน นับถัดจากวันที่ส่งมอบงานงวดสุดท้าย,สำนักการช่าง
27/5/2564,CNTR-982/64,บริษัท เคลฟเวอร์ เซอร์วิส จำกัด,เงินสด  / 3 เดือน ,"12,343.00",จ้างซ่อมรถดูดโคลนเลน ทะเบียน บง-๒๔๗ (๐๓๕ ๔๐ ๐๐๐๑),ยังไม่คืน,3 เดือน นับถัดจากวันที่ส่งมอบงานงวดสุดท้าย,สำนักการช่าง
27/5/2564,CNTR-984/64,บริษัท เคลฟเวอร์ เซอร์วิส จำกัด,เงินสด  / 3 เดือน ,"14,617.00",จ้างซ่อมรถบรรทุก ๑๐ ล้อ ทะเบียน ๘๑-๖๘๒๓ (๐๑๓ ๔๔ ๐๐๐๘),ยังไม่คืน,3 เดือน นับถัดจากวันที่ส่งมอบงานงวดสุดท้าย,สำนักการช่าง
27/5/2564,CNTR-985/64,บริษัท เคลฟเวอร์ เซอร์วิส จำกัด,เงินสด  / 3 เดือน ,"8,674.00",จ้างซ่อมรถตักล้อยาง ทะเบียน ต-๐๓๐๓ (๐๑๘ ๓๔ ๐๐๐๑),ยังไม่คืน,3 เดือน นับถัดจากวันที่ส่งมอบงานงวดสุดท้าย,สำนักการช่าง
28/5/2564,CNTR-994/64,บริษัท มาร์เก็ตติ้ง ฟอร์เวิร์ด จำกัด,เงินสด  / 3 เดือน ,"6,273.00",จ้างซ่อมตู้บรรทุกขยะ เบอร์ ๒๓ (๐๒๘ ๖๑ ๐๐๑๙) ,ยังไม่คืน,3 เดือน นับถัดจากวันที่ส่งมอบงานงวดสุดท้าย,สำนักการช่าง
28/5/2564,CNTR-995/64,บริษัท มาร์เก็ตติ้ง ฟอร์เวิร์ด จำกัด,เงินสด  / 3 เดือน ,"11,140.00",จ้างซ่อมแซมตู้บรรทุกขยะ เบอร์ ๑ (๐๒๘ ๕๑ ๐๐๐๕) ,ยังไม่คืน,3 เดือน นับถัดจากวันที่ส่งมอบงานงวดสุดท้าย,สำนักการช่าง
28/5/2564,CNTR-996/64,บริษัท มาร์เก็ตติ้ง ฟอร์เวิร์ด จำกัด,เงินสด  / 3 เดือน ,"14,578.00",จ้างซ่อมแซมตู้บรรทุกขยะ เบอร์ ๓ (๐๒๘ ๕๑ ๐๐๐๗) ,ยังไม่คืน,3 เดือน นับถัดจากวันที่ส่งมอบงานงวดสุดท้าย,สำนักการช่าง
28/5/2564,CNTR-997/64,บริษัท มาร์เก็ตติ้ง ฟอร์เวิร์ด จำกัด,เงินสด  / 3 เดือน ,"20,330.00",จ้างซ่อมแซมเครื่องอัดขยะมูลฝอยเครื่องที่ ๒ (๓๒๙ ๕๔ ๐๐๐๒),ยังไม่คืน,3 เดือน นับถัดจากวันที่ส่งมอบงานงวดสุดท้าย,สำนักการช่าง
31/5/2564,CNTR-1010/64,บริษัท พี ซี คอนกรีตปทุมธานี จำกัด,หนังสือค้ำประกันเลขที่ ค.47690330893000 / 2 ปี ,"24,250.00",จ้างเหมาโครงการปรับปรุงระบบจราจร บริเวณซอยรังสิต-นครนายก 67,ยังไม่คืน,2 ปี นับถัดจากวันที่ส่งมอบงานงวดสุดท้าย,สำนักการช่าง
31/5/2564,CNTR-1013/64,บริษัท อ.นวรัตน์ จำกัด,เงินสด  / 1 ปี ,"9,359.00",ซื้อครุภัณฑ์สำนักงาน (โต๊ะพับเอนกประสงค์ จำนวน 50 ตัว),ยังไม่คืน,1 ปี นับถัดจากวันที่ส่งมอบงานงวดสุดท้าย,สำนักการช่าง
23/6/2564,CNTR-1045/64,บริษัท มาร์เก็ตติ้ง ฟอร์เวิร์ด จำกัด,เงินสด  / 3 เดือน ,"6,273.00",ค่าบำรุงรักษาและซ่อมแซม,ยังไม่คืน,3 เดือน นับถัดจากวันที่ส่งมอบงานงวดสุดท้าย,สำนักการช่าง
23/6/2564,CNTR-1046/64,บริษัท มาร์เก็ตติ้ง ฟอร์เวิร์ด จำกัด,เงินสด  / 3 เดือน ,"20,330.00",ค่าบำรุงรักษาและซ่อมแซม,ยังไม่คืน,3 เดือน นับถัดจากวันที่ส่งมอบงานงวดสุดท้าย,สำนักการช่าง
23/6/2564,CNTR-1047/64,บริษัท มาร์เก็ตติ้ง ฟอร์เวิร์ด จำกัด,เงินสด  / 3 เดือน ,"11,140.00",ค่าบำรุงรักษาและซ่อมแซม,ยังไม่คืน,3 เดือน นับถัดจากวันที่ส่งมอบงานงวดสุดท้าย,สำนักการช่าง
23/6/2564,CNTR-1048/64,บริษัท มาร์เก็ตติ้ง ฟอร์เวิร์ด จำกัด,เงินสด  / 3 เดือน ,"14,578.00",ค่าบำรุงรักษาและซ่อมแซม,ยังไม่คืน,3 เดือน นับถัดจากวันที่ส่งมอบงานงวดสุดท้าย,สำนักการช่าง
24/6/2564,CNTR-1030/64,บริษัท ไฮไลท์ อิเล็กทรอนิกส์ จำกัด,หนังสือค้ำประกันเลขที่ 1000400598518 / 2 ปี ,"79,000.00",จ้างเหมาโครงการปรับปรุงสะพานคลองหนึ่ง,ยังไม่คืน,2 ปี นับถัดจากวันที่ส่งมอบงานงวดสุดท้าย,สำนักการช่าง
24/6/2564,CNTR-1049/64,บริษัท พรประเสริฐ การโยธา จำกัด,หนังสือค้ำประกันเลขที่ 02237211000329 / 2 ปี ,"164,000.00",จ้าเหมาโครงการก่อสร้างถนน คสล. พร้อมวางท่อระบายน้ำ คสล. ซอยรังสิต-นครนายก 57 (ช่วงที่ 2),ยังไม่คืน,2 ปี นับถัดจากวันที่ส่งมอบงานงวดสุดท้าย,สำนักการช่าง
